id,date,warehouse,client_type,product_line,quantity,unit_price,total,payment
1,2021-06-01,Central,Retail,Miscellaneous,8,16.85,134.83,Credit card
2,2021-06-01,North,Retail,Breaking system,9,19.29,173.61,Cash
3,2021-06-01,North,Retail,Suspension & traction,8,32.93,263.45,Credit card
4,2021-06-01,North,Wholesale,Frame & body,16,37.84,605.44,Transfer
5,2021-06-01,Central,Retail,Engine,2,60.48,120.96,Credit card
6,2021-06-01,North,Wholesale,Suspension & traction,40,37.37,1494.8,Transfer
7,2021-06-01,West,Retail,Electrical system,2,27.2,54.41,Credit card
8,2021-06-01,Central,Retail,Breaking system,10,22.44,224.38,Credit card
9,2021-06-01,West,Wholesale,Frame & body,40,39.5,1579.87,Transfer
10,2021-06-01,North,Retail,Frame & body,6,45.44,272.61,Credit card
11,2021-06-01,Central,Retail,Frame & body,6,38.2,229.22,Credit card
12,2021-06-01,Central,Retail,Suspension & traction,6,37.45,224.71,Credit card
13,2021-06-02,Central,Retail,Suspension & traction,6,28.67,172.01,Credit card
14,2021-06-02,Central,Retail,Breaking system,9,15.1,135.92,Credit card
15,2021-06-02,Central,Retail,Electrical system,10,22.37,223.68,Credit card
16,2021-06-02,West,Retail,Breaking system,2,24.97,49.94,Credit card
17,2021-06-02,North,Retail,Frame & body,1,40.41,40.41,Credit card
18,2021-06-02,North,Retail,Miscellaneous,6,20.28,121.66,Credit card
19,2021-06-02,Central,Retail,Frame & body,6,40.77,244.63,Credit card
20,2021-06-02,West,Retail,Frame & body,8,38.61,308.89,Credit card
21,2021-06-03,North,Retail,Electrical system,9,20.5,184.54,Credit card
22,2021-06-03,North,Retail,Suspension & traction,5,36.18,180.91,Credit card
23,2021-06-03,North,Retail,Electrical system,5,28.33,141.67,Credit card
24,2021-06-03,Central,Retail,Suspension & traction,6,35.52,213.15,Credit card
25,2021-06-03,Central,Retail,Electrical system,1,29.31,29.31,Cash
26,2021-06-03,Central,Retail,Frame & body,1,48.9,48.9,Credit card
27,2021-06-03,West,Retail,Electrical system,2,20.19,40.37,Credit card
28,2021-06-03,Central,Retail,Electrical system,8,27,216,Credit card
29,2021-06-04,North,Retail,Suspension & traction,10,30.92,309.23,Credit card
30,2021-06-04,Central,Retail,Breaking system,4,19.78,79.14,Credit card
31,2021-06-04,Central,Retail,Frame & body,3,41.07,123.21,Credit card
32,2021-06-04,North,Retail,Electrical system,5,20.16,100.81,Credit card
33,2021-06-04,Central,Retail,Suspension & traction,1,37.03,37.03,Credit card
34,2021-06-04,West,Retail,Electrical system,9,27.78,249.98,Credit card
35,2021-06-05,Central,Retail,Breaking system,3,21.01,63.03,Credit card
36,2021-06-05,West,Retail,Breaking system,6,12.9,77.38,Cash
37,2021-06-05,North,Wholesale,Electrical system,28,29.12,815.22,Transfer
38,2021-06-05,Central,Retail,Miscellaneous,1,25.2,25.2,Credit card
39,2021-06-05,Central,Retail,Breaking system,1,20.66,20.66,Credit card
40,2021-06-05,North,Retail,Electrical system,7,32.31,226.19,Credit card
41,2021-06-05,North,Wholesale,Suspension & traction,16,36.79,588.64,Transfer
42,2021-06-05,North,Retail,Suspension & traction,5,32.15,160.76,Credit card
43,2021-06-05,Central,Wholesale,Breaking system,4,13.65,54.6,Transfer
44,2021-06-05,Central,Retail,Suspension & traction,9,30.9,278.07,Credit card
45,2021-06-05,North,Retail,Suspension & traction,4,35.44,141.77,Credit card
46,2021-06-05,West,Retail,Engine,7,63.15,442.04,Credit card
47,2021-06-06,North,Wholesale,Suspension & traction,32,34.82,1114.13,Transfer
48,2021-06-06,Central,Retail,Suspension & traction,4,35.36,141.46,Credit card
49,2021-06-06,Central,Wholesale,Engine,36,63.41,2282.82,Transfer
50,2021-06-06,West,Retail,Miscellaneous,10,28.25,282.47,Credit card
51,2021-06-06,North,Retail,Frame & body,1,35.89,35.89,Credit card
52,2021-06-06,North,Retail,Breaking system,5,15.16,75.78,Credit card
53,2021-06-06,Central,Retail,Breaking system,4,21.95,87.79,Credit card
54,2021-06-06,North,Retail,Breaking system,7,15.43,108,Credit card
55,2021-06-06,North,Retail,Frame & body,4,44.1,176.39,Credit card
56,2021-06-07,Central,Wholesale,Frame & body,4,44.69,178.75,Transfer
57,2021-06-07,West,Retail,Miscellaneous,3,17.87,53.61,Cash
58,2021-06-07,North,Retail,Frame & body,9,43.49,391.42,Credit card
59,2021-06-07,Central,Retail,Miscellaneous,4,28.19,112.76,Credit card
60,2021-06-07,Central,Retail,Breaking system,7,16.33,114.3,Credit card
61,2021-06-07,Central,Wholesale,Suspension & traction,40,28.64,1145.47,Transfer
62,2021-06-07,Central,Retail,Breaking system,6,24.6,147.61,Credit card
63,2021-06-07,North,Retail,Suspension & traction,9,28.59,257.31,Credit card
64,2021-06-07,North,Retail,Electrical system,4,29.62,118.48,Credit card
65,2021-06-08,North,Retail,Frame & body,5,39.52,197.62,Cash
66,2021-06-08,West,Retail,Breaking system,1,10.46,10.46,Credit card
67,2021-06-08,Central,Retail,Breaking system,10,19.21,192.05,Cash
68,2021-06-08,Central,Wholesale,Frame & body,8,44.14,353.11,Transfer
69,2021-06-08,Central,Retail,Miscellaneous,8,24.76,198.05,Credit card
70,2021-06-08,Central,Wholesale,Breaking system,40,20.77,830.67,Transfer
71,2021-06-08,West,Retail,Breaking system,9,13.62,122.6,Credit card
72,2021-06-08,West,Retail,Suspension & traction,4,32.56,130.25,Credit card
73,2021-06-08,North,Retail,Electrical system,4,25.04,100.15,Credit card
74,2021-06-08,Central,Wholesale,Miscellaneous,40,18.87,754.73,Transfer
75,2021-06-08,Central,Retail,Suspension & traction,2,33.18,66.37,Credit card
76,2021-06-08,West,Wholesale,Suspension & traction,12,34.26,411.14,Transfer
77,2021-06-08,West,Wholesale,Miscellaneous,12,17.39,208.62,Transfer
78,2021-06-08,North,Retail,Electrical system,3,29.93,89.8,Credit card
79,2021-06-08,North,Retail,Frame & body,2,35.46,70.92,Credit card
80,2021-06-08,Central,Retail,Frame & body,3,41.42,124.25,Credit card
81,2021-06-08,West,Wholesale,Breaking system,36,20.48,737.28,Transfer
82,2021-06-08,West,Wholesale,Breaking system,28,16.98,475.49,Transfer
83,2021-06-09,Central,Wholesale,Breaking system,36,16.51,594.24,Transfer
84,2021-06-09,West,Retail,Frame & body,10,49.24,492.4,Credit card
85,2021-06-09,Central,Retail,Frame & body,8,35.31,282.47,Credit card
86,2021-06-09,Central,Retail,Breaking system,6,16.55,99.32,Credit card
87,2021-06-09,North,Retail,Breaking system,5,14.76,73.78,Credit card
88,2021-06-09,West,Retail,Electrical system,7,32.73,229.1,Cash
89,2021-06-09,Central,Retail,Suspension & traction,10,27.63,276.33,Credit card
90,2021-06-09,Central,Wholesale,Suspension & traction,12,28.65,343.8,Transfer
91,2021-06-10,Central,Retail,Electrical system,4,18.96,75.85,Credit card
92,2021-06-10,Central,Retail,Frame & body,8,47.3,378.37,Credit card
93,2021-06-10,North,Retail,Engine,2,56.04,112.09,Credit card
94,2021-06-10,Central,Retail,Electrical system,5,29.13,145.66,Credit card
95,2021-06-10,West,Wholesale,Miscellaneous,36,21.75,782.94,Transfer
96,2021-06-10,West,Retail,Frame & body,7,47.19,330.33,Credit card
97,2021-06-10,North,Retail,Suspension & traction,6,38.06,228.38,Cash
98,2021-06-10,Central,Retail,Breaking system,7,21.64,151.5,Credit card
99,2021-06-10,North,Wholesale,Frame & body,28,37,1035.91,Transfer
100,2021-06-11,North,Retail,Miscellaneous,9,17.49,157.41,Cash
101,2021-06-11,North,Retail,Breaking system,1,23.28,23.28,Credit card
102,2021-06-11,Central,Wholesale,Breaking system,28,14.46,404.93,Transfer
103,2021-06-11,North,Retail,Breaking system,5,10.63,53.16,Credit card
104,2021-06-11,North,Retail,Suspension & traction,6,41.09,246.52,Credit card
105,2021-06-11,North,Wholesale,Miscellaneous,24,21.42,514,Transfer
106,2021-06-11,North,Retail,Frame & body,4,47.06,188.22,Credit card
107,2021-06-11,West,Retail,Frame & body,2,47.86,95.72,Credit card
108,2021-06-12,North,Retail,Breaking system,10,13.24,132.37,Credit card
109,2021-06-12,West,Wholesale,Frame & body,28,42.85,1199.89,Transfer
110,2021-06-12,Central,Retail,Electrical system,2,26.2,52.41,Credit card
111,2021-06-12,Central,Retail,Suspension & traction,7,33.51,234.58,Credit card
112,2021-06-12,Central,Retail,Electrical system,1,21.18,21.18,Cash
113,2021-06-12,Central,Retail,Frame & body,6,37.17,223.01,Credit card
114,2021-06-12,North,Retail,Breaking system,9,11.67,105.02,Credit card
115,2021-06-12,North,Retail,Suspension & traction,10,39.78,397.78,Credit card
116,2021-06-12,Central,Retail,Breaking system,10,22.21,222.08,Credit card
117,2021-06-12,Central,Retail,Suspension & traction,10,41.25,412.5,Credit card
118,2021-06-12,Central,Retail,Electrical system,8,31.93,255.41,Credit card
119,2021-06-13,North,Retail,Electrical system,9,23.27,209.43,Credit card
120,2021-06-13,North,Retail,Frame & body,7,40.93,286.51,Credit card
121,2021-06-13,Central,Retail,Frame & body,6,45.43,272.6,Credit card
122,2021-06-13,North,Retail,Suspension & traction,3,38.5,115.5,Credit card
123,2021-06-13,Central,Retail,Electrical system,10,23.61,236.08,Cash
124,2021-06-13,Central,Wholesale,Breaking system,8,18.31,146.48,Transfer
125,2021-06-13,West,Retail,Miscellaneous,4,16.84,67.36,Credit card
126,2021-06-13,Central,Retail,Miscellaneous,2,25.4,50.8,Credit card
127,2021-06-13,Central,Retail,Breaking system,1,20.72,20.72,Credit card
128,2021-06-13,North,Retail,Suspension & traction,6,28.91,173.46,Cash
129,2021-06-14,Central,Retail,Miscellaneous,1,27.47,27.47,Credit card
130,2021-06-14,North,Retail,Breaking system,10,17.67,176.73,Credit card
131,2021-06-14,Central,Retail,Electrical system,7,26.9,188.31,Credit card
132,2021-06-14,Central,Retail,Frame & body,1,39.14,39.14,Credit card
133,2021-06-14,Central,Retail,Miscellaneous,5,29.95,149.74,Credit card
134,2021-06-14,Central,Retail,Miscellaneous,7,25.51,178.57,Credit card
135,2021-06-14,Central,Retail,Electrical system,1,19.62,19.62,Credit card
136,2021-06-14,West,Retail,Miscellaneous,4,18.63,74.51,Credit card
137,2021-06-14,North,Wholesale,Breaking system,20,24.45,489,Transfer
138,2021-06-14,Central,Wholesale,Electrical system,12,26.74,320.94,Transfer
139,2021-06-14,Central,Retail,Breaking system,4,11.35,45.39,Credit card
140,2021-06-14,West,Retail,Suspension & traction,9,32.47,292.26,Credit card
141,2021-06-14,Central,Retail,Engine,7,58.86,412.06,Credit card
142,2021-06-15,Central,Wholesale,Engine,28,63.54,1779.07,Transfer
143,2021-06-15,Central,Retail,Suspension & traction,10,41.23,412.28,Credit card
144,2021-06-15,North,Retail,Frame & body,7,36.52,255.62,Credit card
145,2021-06-15,Central,Retail,Breaking system,2,20.59,41.17,Credit card
146,2021-06-15,Central,Retail,Electrical system,5,29.28,146.38,Credit card
147,2021-06-15,Central,Wholesale,Frame & body,24,48.95,1174.88,Transfer
148,2021-06-15,North,Retail,Electrical system,9,26.81,241.32,Credit card
149,2021-06-15,North,Wholesale,Suspension & traction,36,39.87,1435.26,Transfer
150,2021-06-15,Central,Retail,Engine,10,61.08,610.78,Credit card
151,2021-06-15,North,Retail,Suspension & traction,6,26.9,161.43,Credit card
152,2021-06-15,West,Retail,Miscellaneous,5,16.24,81.2,Credit card
153,2021-06-15,North,Retail,Breaking system,2,22.3,44.59,Credit card
154,2021-06-15,West,Retail,Suspension & traction,10,34.31,343.12,Credit card
155,2021-06-16,North,Wholesale,Suspension & traction,40,35.59,1423.73,Transfer
156,2021-06-16,Central,Retail,Suspension & traction,10,40.93,409.3,Credit card
157,2021-06-16,Central,Retail,Miscellaneous,9,28.88,259.89,Credit card
158,2021-06-16,North,Retail,Frame & body,2,48.86,97.73,Credit card
159,2021-06-16,Central,Retail,Frame & body,7,48.46,339.2,Credit card
160,2021-06-16,Central,Retail,Frame & body,2,35.92,71.83,Credit card
161,2021-06-16,Central,Retail,Breaking system,4,14.87,59.47,Credit card
162,2021-06-16,Central,Retail,Frame & body,7,36.19,253.33,Cash
163,2021-06-16,Central,Retail,Miscellaneous,9,22.1,198.9,Credit card
164,2021-06-16,Central,Wholesale,Breaking system,4,16.89,67.57,Transfer
165,2021-06-17,Central,Retail,Suspension & traction,7,40.76,285.36,Credit card
166,2021-06-17,Central,Retail,Frame & body,2,40.1,80.21,Credit card
167,2021-06-17,North,Retail,Miscellaneous,10,26.87,268.68,Cash
168,2021-06-17,Central,Wholesale,Frame & body,20,45.32,906.4,Transfer
169,2021-06-17,Central,Wholesale,Electrical system,8,27.14,217.09,Transfer
170,2021-06-17,Central,Wholesale,Miscellaneous,8,22.98,183.85,Transfer
171,2021-06-17,North,Retail,Frame & body,3,37.62,112.85,Credit card
172,2021-06-17,North,Retail,Frame & body,7,43.15,302.06,Cash
173,2021-06-17,North,Retail,Suspension & traction,6,28.59,171.52,Credit card
174,2021-06-17,Central,Wholesale,Miscellaneous,8,24.28,194.2,Transfer
175,2021-06-17,Central,Wholesale,Suspension & traction,4,39.45,157.81,Transfer
176,2021-06-18,North,Wholesale,Frame & body,24,48.18,1156.24,Transfer
177,2021-06-18,Central,Wholesale,Frame & body,36,48.44,1743.78,Transfer
178,2021-06-18,West,Retail,Electrical system,1,23.24,23.24,Credit card
179,2021-06-18,North,Wholesale,Breaking system,12,23.02,276.3,Transfer
180,2021-06-18,Central,Wholesale,Breaking system,24,11.25,269.92,Transfer
181,2021-06-18,North,Retail,Suspension & traction,5,29.38,146.93,Credit card
182,2021-06-18,North,Retail,Suspension & traction,9,28.23,254.04,Credit card
183,2021-06-18,Central,Retail,Miscellaneous,8,16.63,133.05,Credit card
184,2021-06-18,Central,Retail,Breaking system,7,18.46,129.2,Credit card
185,2021-06-19,North,Wholesale,Frame & body,16,44.54,712.69,Transfer
186,2021-06-19,North,Retail,Breaking system,6,24.85,149.1,Credit card
187,2021-06-19,North,Retail,Suspension & traction,10,32.61,326.13,Credit card
188,2021-06-19,North,Retail,Miscellaneous,8,18.98,151.84,Credit card
189,2021-06-19,North,Retail,Frame & body,10,44.03,440.32,Cash
190,2021-06-19,Central,Retail,Suspension & traction,6,33.82,202.89,Credit card
191,2021-06-19,North,Retail,Suspension & traction,9,34.68,312.1,Credit card
192,2021-06-19,Central,Retail,Frame & body,3,43.84,131.53,Credit card
193,2021-06-19,Central,Retail,Electrical system,8,18.68,149.47,Credit card
194,2021-06-19,North,Retail,Miscellaneous,6,21.88,131.28,Credit card
195,2021-06-19,West,Retail,Frame & body,1,46.82,46.82,Credit card
196,2021-06-19,West,Retail,Suspension & traction,4,34.35,137.42,Credit card
197,2021-06-19,West,Retail,Miscellaneous,8,20.53,164.24,Credit card
198,2021-06-19,North,Wholesale,Suspension & traction,12,26.99,323.88,Transfer
199,2021-06-19,West,Retail,Breaking system,4,18.26,73.06,Credit card
200,2021-06-19,West,Wholesale,Suspension & traction,4,39.77,159.07,Transfer
201,2021-06-20,West,Retail,Electrical system,7,27.35,191.43,Credit card
202,2021-06-20,Central,Retail,Suspension & traction,3,31.25,93.74,Credit card
203,2021-06-20,Central,Wholesale,Frame & body,16,47.16,754.48,Transfer
204,2021-06-20,West,Retail,Breaking system,8,10.94,87.49,Credit card
205,2021-06-20,North,Wholesale,Breaking system,32,18.98,607.36,Transfer
206,2021-06-20,North,Retail,Suspension & traction,10,37.06,370.58,Credit card
207,2021-06-20,West,Wholesale,Suspension & traction,32,39.88,1276,Transfer
208,2021-06-20,North,Wholesale,Electrical system,16,25.92,414.67,Transfer
209,2021-06-20,Central,Retail,Suspension & traction,2,33.91,67.81,Credit card
210,2021-06-20,North,Retail,Frame & body,2,48.86,97.71,Cash
211,2021-06-21,North,Retail,Miscellaneous,3,22.45,67.34,Credit card
212,2021-06-21,North,Retail,Electrical system,7,25.53,178.7,Cash
213,2021-06-21,West,Retail,Engine,6,66.53,399.19,Cash
214,2021-06-21,North,Retail,Suspension & traction,6,37.99,227.95,Credit card
215,2021-06-21,North,Wholesale,Breaking system,8,14.39,115.15,Transfer
216,2021-06-21,Central,Retail,Frame & body,1,49.69,49.69,Credit card
217,2021-06-21,West,Wholesale,Miscellaneous,4,24.83,99.32,Transfer
218,2021-06-21,North,Retail,Suspension & traction,6,37.2,223.22,Credit card
219,2021-06-22,North,Retail,Suspension & traction,3,30.11,90.34,Credit card
220,2021-06-22,North,Retail,Suspension & traction,9,37.44,337,Credit card
221,2021-06-22,Central,Retail,Suspension & traction,5,31.56,157.82,Credit card
222,2021-06-22,Central,Retail,Engine,6,59.3,355.81,Cash
223,2021-06-22,Central,Wholesale,Engine,4,63.58,254.34,Transfer
224,2021-06-22,Central,Retail,Engine,5,53.4,266.98,Credit card
225,2021-06-22,Central,Retail,Breaking system,5,13.14,65.72,Credit card
226,2021-06-23,North,Retail,Miscellaneous,9,21.27,191.44,Credit card
227,2021-06-23,West,Retail,Electrical system,7,33.33,233.29,Credit card
228,2021-06-23,Central,Retail,Electrical system,5,18.5,92.49,Credit card
229,2021-06-23,North,Retail,Suspension & traction,6,36.01,216.06,Credit card
230,2021-06-23,North,Retail,Engine,5,65.99,329.96,Cash
231,2021-06-23,North,Retail,Breaking system,1,13.44,13.44,Credit card
232,2021-06-23,West,Retail,Electrical system,3,30.68,92.02,Credit card
233,2021-06-23,North,Retail,Miscellaneous,6,29.76,178.53,Credit card
234,2021-06-23,West,Wholesale,Suspension & traction,16,32.9,526.35,Transfer
235,2021-06-23,West,Retail,Frame & body,10,48.3,483,Cash
236,2021-06-23,West,Retail,Breaking system,8,11.54,92.33,Credit card
237,2021-06-23,Central,Wholesale,Breaking system,32,14.74,471.84,Transfer
238,2021-06-23,North,Retail,Engine,4,59.69,238.77,Credit card
239,2021-06-23,Central,Retail,Suspension & traction,6,38.96,233.77,Cash
240,2021-06-23,North,Retail,Breaking system,5,11.32,56.62,Cash
241,2021-06-23,Central,Retail,Electrical system,1,30.51,30.51,Credit card
242,2021-06-23,Central,Retail,Breaking system,7,15.91,111.35,Credit card
243,2021-06-24,North,Retail,Breaking system,8,22.78,182.24,Credit card
244,2021-06-24,Central,Retail,Frame & body,6,37.18,223.08,Credit card
245,2021-06-24,West,Retail,Suspension & traction,3,39.29,117.86,Cash
246,2021-06-24,Central,Retail,Electrical system,10,23.38,233.83,Credit card
247,2021-06-24,North,Retail,Frame & body,10,46.46,464.62,Credit card
248,2021-06-24,Central,Retail,Electrical system,7,29.31,205.19,Credit card
249,2021-06-24,Central,Retail,Suspension & traction,5,37.21,186.07,Credit card
250,2021-06-24,Central,Retail,Frame & body,10,46.1,461,Credit card
251,2021-06-24,West,Retail,Suspension & traction,1,35.15,35.15,Cash
252,2021-06-24,Central,Retail,Breaking system,3,23.87,71.61,Credit card
253,2021-06-24,North,Wholesale,Electrical system,32,24.77,792.64,Transfer
254,2021-06-24,North,Retail,Electrical system,8,18.43,147.41,Credit card
255,2021-06-24,North,Retail,Electrical system,5,29.58,147.92,Credit card
256,2021-06-25,Central,Retail,Breaking system,2,18.49,36.99,Credit card
257,2021-06-25,Central,Retail,Miscellaneous,7,21.42,149.93,Cash
258,2021-06-25,Central,Retail,Electrical system,4,25.19,100.75,Credit card
259,2021-06-25,North,Wholesale,Frame & body,16,40.01,640.13,Transfer
260,2021-06-25,North,Retail,Suspension & traction,4,35,140.01,Cash
261,2021-06-25,Central,Retail,Frame & body,2,36.98,73.96,Credit card
262,2021-06-25,Central,Retail,Engine,1,66.02,66.02,Credit card
263,2021-06-25,West,Retail,Breaking system,1,10.9,10.9,Credit card
264,2021-06-25,Central,Retail,Miscellaneous,5,28.06,140.3,Credit card
265,2021-06-25,North,Retail,Breaking system,1,20.68,20.68,Cash
266,2021-06-25,Central,Retail,Breaking system,7,14.94,104.56,Cash
267,2021-06-25,West,Retail,Breaking system,3,22.48,67.44,Credit card
268,2021-06-25,Central,Retail,Electrical system,10,31.75,317.5,Credit card
269,2021-06-25,West,Retail,Frame & body,9,45.03,405.28,Cash
270,2021-06-25,West,Retail,Engine,8,55.72,445.75,Credit card
271,2021-06-25,North,Retail,Suspension & traction,9,29.37,264.34,Credit card
272,2021-06-25,North,Wholesale,Suspension & traction,12,33.88,406.6,Transfer
273,2021-06-26,West,Retail,Breaking system,1,19.16,19.16,Credit card
274,2021-06-26,North,Retail,Breaking system,1,11.89,11.89,Credit card
275,2021-06-26,North,Retail,Breaking system,1,10.35,10.35,Credit card
276,2021-06-26,Central,Wholesale,Miscellaneous,8,26.48,211.84,Transfer
277,2021-06-26,Central,Retail,Frame & body,5,41.92,209.62,Credit card
278,2021-06-26,Central,Retail,Breaking system,2,13.89,27.78,Credit card
279,2021-06-26,Central,Retail,Breaking system,3,24.45,73.34,Credit card
280,2021-06-26,North,Retail,Electrical system,7,25.28,176.97,Cash
281,2021-06-26,Central,Wholesale,Electrical system,36,28.23,1016.22,Transfer
282,2021-06-26,Central,Retail,Suspension & traction,4,29.26,117.03,Credit card
283,2021-06-26,West,Retail,Breaking system,5,14.48,72.38,Credit card
284,2021-06-26,Central,Retail,Electrical system,7,31.18,218.26,Credit card
285,2021-06-26,Central,Retail,Breaking system,2,21.9,43.79,Credit card
286,2021-06-26,Central,Wholesale,Miscellaneous,20,26.68,533.5,Transfer
287,2021-06-26,Central,Retail,Breaking system,10,14.66,146.58,Credit card
288,2021-06-26,West,Retail,Frame & body,10,40.81,408.1,Cash
289,2021-06-26,Central,Retail,Electrical system,3,22.3,66.9,Credit card
290,2021-06-27,Central,Wholesale,Breaking system,36,17.34,624.42,Transfer
291,2021-06-27,North,Retail,Engine,8,59.7,477.63,Credit card
292,2021-06-27,Central,Wholesale,Electrical system,40,24.43,977.13,Transfer
293,2021-06-27,Central,Retail,Engine,4,66.03,264.11,Credit card
294,2021-06-27,West,Retail,Miscellaneous,6,28.37,170.24,Credit card
295,2021-06-27,North,Retail,Electrical system,1,28.88,28.88,Credit card
296,2021-06-27,North,Retail,Frame & body,5,38.71,193.54,Cash
297,2021-06-27,Central,Retail,Suspension & traction,10,33.17,331.68,Credit card
298,2021-06-27,North,Retail,Breaking system,7,17.38,121.66,Credit card
299,2021-06-27,North,Retail,Miscellaneous,6,26.95,161.71,Credit card
300,2021-06-27,West,Retail,Suspension & traction,7,29.04,203.28,Credit card
301,2021-06-27,Central,Retail,Frame & body,10,35.73,357.27,Credit card
302,2021-06-27,North,Retail,Suspension & traction,2,27,54.01,Credit card
303,2021-06-27,West,Retail,Suspension & traction,2,36.57,73.13,Credit card
304,2021-06-28,North,Retail,Miscellaneous,7,15.26,106.79,Credit card
305,2021-06-28,West,Retail,Electrical system,6,19.79,118.77,Credit card
306,2021-06-28,Central,Retail,Breaking system,5,12.3,61.52,Cash
307,2021-06-28,Central,Retail,Frame & body,9,46.34,417.1,Credit card
308,2021-06-28,West,Retail,Frame & body,8,46.83,374.63,Credit card
309,2021-06-28,Central,Retail,Engine,8,62.56,500.49,Credit card
310,2021-06-28,Central,Retail,Engine,1,53.19,53.19,Credit card
311,2021-06-28,Central,Retail,Electrical system,8,33.19,265.55,Credit card
312,2021-06-28,Central,Wholesale,Electrical system,12,31.13,373.6,Transfer
313,2021-06-28,Central,Retail,Suspension & traction,4,36.64,146.54,Cash
314,2021-06-28,North,Retail,Suspension & traction,8,29.03,232.24,Credit card
315,2021-06-28,Central,Wholesale,Suspension & traction,40,28.57,1142.87,Transfer
316,2021-06-28,Central,Retail,Electrical system,5,19.57,97.84,Credit card
317,2021-06-28,Central,Wholesale,Engine,36,62.02,2232.66,Transfer
318,2021-06-29,North,Retail,Frame & body,4,37,148.01,Credit card
319,2021-06-29,Central,Wholesale,Breaking system,16,13.77,220.32,Transfer
320,2021-06-29,Central,Retail,Engine,1,56.72,56.72,Credit card
321,2021-06-29,West,Retail,Breaking system,6,15.35,92.08,Credit card
322,2021-06-29,West,Retail,Electrical system,10,26.46,264.6,Credit card
323,2021-06-29,Central,Retail,Frame & body,10,37.78,377.78,Credit card
324,2021-06-29,North,Retail,Breaking system,9,22.21,199.86,Credit card
325,2021-06-29,Central,Retail,Miscellaneous,6,27.34,164.05,Credit card
326,2021-06-29,West,Retail,Frame & body,6,36.52,219.15,Credit card
327,2021-06-29,North,Wholesale,Frame & body,20,37.99,759.77,Transfer
328,2021-06-29,North,Wholesale,Suspension & traction,20,39.56,791.23,Transfer
329,2021-06-29,North,Retail,Electrical system,1,23.1,23.1,Credit card
330,2021-06-30,Central,Retail,Suspension & traction,8,32.07,256.56,Credit card
331,2021-06-30,West,Retail,Frame & body,1,37.06,37.06,Credit card
332,2021-06-30,Central,Retail,Electrical system,4,20.61,82.43,Credit card
333,2021-06-30,North,Wholesale,Suspension & traction,12,40.63,487.56,Transfer
334,2021-06-30,West,Wholesale,Miscellaneous,40,29.75,1190.13,Transfer
335,2021-06-30,Central,Retail,Suspension & traction,1,28.83,28.83,Credit card
336,2021-06-30,West,Retail,Miscellaneous,5,29.5,147.52,Credit card
337,2021-06-30,Central,Wholesale,Suspension & traction,20,26.76,535.1,Transfer
338,2021-06-30,West,Retail,Frame & body,2,46.07,92.13,Cash
339,2021-07-01,Central,Retail,Breaking system,10,18.7,186.97,Credit card
340,2021-07-01,West,Wholesale,Suspension & traction,16,31.18,498.83,Transfer
341,2021-07-01,Central,Retail,Suspension & traction,6,32.56,195.35,Credit card
342,2021-07-01,West,Wholesale,Breaking system,32,24.78,793.07,Transfer
343,2021-07-01,West,Retail,Frame & body,9,37.29,335.62,Credit card
344,2021-07-01,Central,Retail,Breaking system,2,19.85,39.69,Cash
345,2021-07-01,North,Retail,Suspension & traction,1,36.06,36.06,Credit card
346,2021-07-01,Central,Retail,Electrical system,10,28.69,286.88,Credit card
347,2021-07-01,Central,Retail,Electrical system,4,23.83,95.33,Credit card
348,2021-07-01,Central,Retail,Frame & body,1,45.97,45.97,Credit card
349,2021-07-01,North,Wholesale,Suspension & traction,16,28.46,455.39,Transfer
350,2021-07-01,Central,Retail,Frame & body,6,46.66,279.93,Credit card
351,2021-07-01,North,Retail,Breaking system,8,16.89,135.12,Cash
352,2021-07-01,Central,Wholesale,Electrical system,36,31.31,1127.22,Transfer
353,2021-07-02,Central,Retail,Suspension & traction,9,28.84,259.6,Credit card
354,2021-07-02,West,Wholesale,Suspension & traction,36,38.47,1384.74,Transfer
355,2021-07-02,West,Retail,Breaking system,6,22.91,137.48,Credit card
356,2021-07-02,North,Wholesale,Frame & body,28,44.92,1257.76,Transfer
357,2021-07-02,North,Retail,Miscellaneous,5,15.7,78.53,Credit card
358,2021-07-02,North,Wholesale,Engine,16,62.95,1007.15,Transfer
359,2021-07-03,West,Retail,Miscellaneous,8,24.33,194.63,Credit card
360,2021-07-03,Central,Retail,Breaking system,7,12.59,88.15,Credit card
361,2021-07-03,North,Wholesale,Breaking system,40,15.52,620.87,Transfer
362,2021-07-03,West,Retail,Electrical system,6,22.58,135.49,Credit card
363,2021-07-03,West,Retail,Miscellaneous,1,19.74,19.74,Credit card
364,2021-07-03,Central,Retail,Electrical system,7,21.04,147.3,Cash
365,2021-07-03,Central,Wholesale,Breaking system,8,22.22,177.8,Transfer
366,2021-07-03,North,Wholesale,Frame & body,32,41.92,1341.44,Transfer
367,2021-07-03,North,Retail,Miscellaneous,10,15.16,151.6,Cash
368,2021-07-03,Central,Wholesale,Breaking system,36,16.09,579.3,Transfer
369,2021-07-03,West,Retail,Breaking system,4,24.24,96.95,Cash
370,2021-07-03,North,Retail,Engine,1,53.06,53.06,Credit card
371,2021-07-03,Central,Wholesale,Suspension & traction,8,34.35,274.81,Transfer
372,2021-07-03,Central,Retail,Suspension & traction,8,40.65,325.16,Credit card
373,2021-07-04,Central,Retail,Breaking system,1,17.3,17.3,Credit card
374,2021-07-04,North,Retail,Breaking system,10,19.58,195.75,Cash
375,2021-07-04,Central,Wholesale,Miscellaneous,28,28.57,799.87,Transfer
376,2021-07-04,North,Retail,Miscellaneous,5,17.88,89.4,Credit card
377,2021-07-04,Central,Wholesale,Frame & body,4,45.66,182.65,Transfer
378,2021-07-04,Central,Retail,Frame & body,3,40.49,121.48,Credit card
379,2021-07-04,North,Retail,Suspension & traction,10,37.13,371.3,Credit card
380,2021-07-04,Central,Retail,Frame & body,9,42.51,382.6,Credit card
381,2021-07-04,West,Retail,Frame & body,10,41.56,415.55,Credit card
382,2021-07-04,Central,Retail,Miscellaneous,5,21.19,105.97,Credit card
383,2021-07-04,West,Retail,Frame & body,4,45.66,182.63,Cash
384,2021-07-04,Central,Retail,Miscellaneous,5,20.09,100.43,Credit card
385,2021-07-04,North,Retail,Suspension & traction,7,40.81,285.69,Credit card
386,2021-07-04,North,Retail,Breaking system,5,21.17,105.85,Credit card
387,2021-07-05,Central,Retail,Miscellaneous,1,24.63,24.63,Cash
388,2021-07-05,North,Wholesale,Electrical system,28,20.87,584.36,Transfer
389,2021-07-05,Central,Retail,Suspension & traction,9,37.95,341.52,Credit card
390,2021-07-05,North,Retail,Breaking system,4,16.44,65.75,Credit card
391,2021-07-05,Central,Retail,Breaking system,4,12.22,48.89,Credit card
392,2021-07-05,North,Retail,Electrical system,7,29.1,203.68,Credit card
393,2021-07-05,North,Retail,Frame & body,5,40.51,202.55,Credit card
394,2021-07-05,West,Retail,Electrical system,9,18.97,170.77,Credit card
395,2021-07-05,Central,Retail,Breaking system,2,20.34,40.68,Credit card
396,2021-07-05,North,Wholesale,Suspension & traction,4,36.99,147.97,Transfer
397,2021-07-05,West,Wholesale,Suspension & traction,4,27.33,109.32,Transfer
398,2021-07-06,West,Retail,Electrical system,10,28.1,281,Credit card
399,2021-07-06,North,Wholesale,Suspension & traction,8,28.48,227.85,Transfer
400,2021-07-06,Central,Retail,Breaking system,2,19.89,39.78,Cash
401,2021-07-06,North,Retail,Breaking system,1,13.44,13.44,Credit card
402,2021-07-06,North,Retail,Miscellaneous,1,27.98,27.98,Credit card
403,2021-07-06,West,Retail,Engine,3,66.37,199.1,Credit card
404,2021-07-06,North,Retail,Frame & body,3,45.87,137.6,Cash
405,2021-07-06,Central,Retail,Frame & body,2,36.08,72.16,Credit card
406,2021-07-06,North,Retail,Suspension & traction,6,29.32,175.91,Credit card
407,2021-07-06,Central,Retail,Miscellaneous,6,21.21,127.27,Credit card
408,2021-07-06,Central,Wholesale,Breaking system,36,15.47,556.92,Transfer
409,2021-07-06,Central,Retail,Engine,9,59.71,537.36,Credit card
410,2021-07-07,Central,Wholesale,Suspension & traction,24,33.41,801.8,Transfer
411,2021-07-07,Central,Retail,Electrical system,8,21.42,171.33,Credit card
412,2021-07-07,Central,Wholesale,Breaking system,16,10.75,171.95,Transfer
413,2021-07-07,West,Retail,Miscellaneous,1,22.07,22.07,Credit card
414,2021-07-07,Central,Retail,Miscellaneous,9,16.67,150.01,Credit card
415,2021-07-07,Central,Retail,Breaking system,4,24.5,97.99,Credit card
416,2021-07-07,North,Retail,Engine,5,55.95,279.73,Credit card
417,2021-07-07,Central,Wholesale,Electrical system,40,20.98,839.33,Transfer
418,2021-07-07,North,Wholesale,Suspension & traction,24,31.24,749.76,Transfer
419,2021-07-07,Central,Retail,Electrical system,10,20.49,204.92,Cash
420,2021-07-07,Central,Retail,Suspension & traction,5,30.97,154.84,Credit card
421,2021-07-07,Central,Retail,Breaking system,4,24.9,99.61,Credit card
422,2021-07-07,West,Retail,Electrical system,1,31.62,31.62,Credit card
423,2021-07-08,North,Retail,Frame & body,1,40.93,40.93,Credit card
424,2021-07-08,Central,Retail,Electrical system,6,24.34,146.02,Credit card
425,2021-07-08,Central,Retail,Breaking system,6,15.58,93.46,Credit card
426,2021-07-08,Central,Retail,Miscellaneous,6,16.08,96.48,Credit card
427,2021-07-08,Central,Retail,Electrical system,8,26.32,210.55,Credit card
428,2021-07-08,Central,Retail,Breaking system,5,18.95,94.76,Credit card
429,2021-07-08,North,Retail,Suspension & traction,8,40.52,324.16,Cash
430,2021-07-08,Central,Retail,Engine,10,59.82,598.25,Cash
431,2021-07-08,North,Retail,Engine,8,64.93,519.47,Credit card
432,2021-07-08,Central,Wholesale,Electrical system,16,27.66,442.51,Transfer
433,2021-07-08,Central,Retail,Frame & body,1,35.03,35.03,Credit card
434,2021-07-08,Central,Retail,Breaking system,2,22.69,45.38,Credit card
435,2021-07-08,West,Retail,Electrical system,8,23.48,187.81,Credit card
436,2021-07-08,Central,Retail,Miscellaneous,10,22.39,223.93,Cash
437,2021-07-08,Central,Retail,Suspension & traction,7,27.78,194.45,Credit card
438,2021-07-08,Central,Retail,Suspension & traction,9,28.67,258.03,Credit card
439,2021-07-08,Central,Retail,Breaking system,8,18.4,147.21,Credit card
440,2021-07-08,North,Retail,Miscellaneous,10,20.53,205.32,Credit card
441,2021-07-08,North,Retail,Suspension & traction,1,29.83,29.83,Credit card
442,2021-07-08,Central,Retail,Electrical system,10,29.9,298.98,Credit card
443,2021-07-09,North,Retail,Breaking system,1,11.62,11.62,Cash
444,2021-07-09,West,Retail,Frame & body,5,44.16,220.81,Credit card
445,2021-07-09,Central,Retail,Suspension & traction,6,27.73,166.37,Credit card
446,2021-07-09,Central,Retail,Suspension & traction,4,30.29,121.17,Cash
447,2021-07-09,Central,Retail,Electrical system,7,22.86,160.01,Credit card
448,2021-07-09,Central,Retail,Frame & body,9,48.38,435.42,Credit card
449,2021-07-09,North,Retail,Frame & body,7,47.72,334.03,Credit card
450,2021-07-09,Central,Retail,Breaking system,1,13.92,13.92,Cash
451,2021-07-09,North,Retail,Breaking system,10,24.83,248.3,Credit card
452,2021-07-09,Central,Retail,Suspension & traction,4,32.74,130.98,Cash
453,2021-07-09,West,Wholesale,Breaking system,40,24.53,981.4,Transfer
454,2021-07-09,Central,Retail,Frame & body,6,44.85,269.12,Credit card
455,2021-07-10,North,Retail,Breaking system,1,13.64,13.64,Credit card
456,2021-07-10,West,Retail,Engine,10,64.1,641.02,Credit card
457,2021-07-10,Central,Retail,Breaking system,3,17.88,53.64,Credit card
458,2021-07-10,Central,Retail,Breaking system,1,11.93,11.93,Credit card
459,2021-07-10,West,Retail,Suspension & traction,6,27.08,162.45,Credit card
460,2021-07-10,Central,Retail,Miscellaneous,3,16.85,50.54,Credit card
461,2021-07-10,Central,Retail,Suspension & traction,6,27.66,165.95,Credit card
462,2021-07-10,North,Wholesale,Miscellaneous,36,19.17,690.24,Transfer
463,2021-07-10,Central,Wholesale,Suspension & traction,24,35.98,863.64,Transfer
464,2021-07-10,West,Retail,Breaking system,7,19.04,133.3,Credit card
465,2021-07-10,Central,Wholesale,Electrical system,12,30.23,362.8,Transfer
466,2021-07-10,North,Wholesale,Frame & body,40,37.04,1481.6,Transfer
467,2021-07-10,Central,Retail,Suspension & traction,4,32.66,130.65,Credit card
468,2021-07-11,Central,Retail,Electrical system,6,19.82,118.93,Credit card
469,2021-07-11,North,Retail,Breaking system,7,17.28,120.93,Cash
470,2021-07-11,North,Retail,Miscellaneous,5,20.76,103.82,Credit card
471,2021-07-11,West,Wholesale,Breaking system,28,20.56,575.77,Transfer
472,2021-07-11,West,Retail,Electrical system,2,22.24,44.49,Credit card
473,2021-07-11,North,Retail,Suspension & traction,1,37.34,37.34,Credit card
474,2021-07-11,Central,Wholesale,Electrical system,12,24.68,296.18,Transfer
475,2021-07-11,Central,Retail,Frame & body,4,39.14,156.56,Cash
476,2021-07-11,North,Wholesale,Breaking system,40,13.36,534.27,Transfer
477,2021-07-11,Central,Retail,Electrical system,10,29.69,296.88,Credit card
478,2021-07-11,Central,Wholesale,Suspension & traction,28,31.15,872.25,Transfer
479,2021-07-12,Central,Retail,Engine,9,64.02,576.14,Credit card
480,2021-07-12,West,Wholesale,Suspension & traction,20,39.45,788.97,Transfer
481,2021-07-12,West,Retail,Breaking system,10,18.69,186.87,Cash
482,2021-07-12,North,Retail,Suspension & traction,3,38.35,115.04,Credit card
483,2021-07-12,West,Retail,Breaking system,10,23.2,232,Credit card
484,2021-07-12,Central,Retail,Suspension & traction,3,37.84,113.52,Cash
485,2021-07-12,North,Retail,Frame & body,4,49.13,196.51,Credit card
486,2021-07-12,Central,Wholesale,Miscellaneous,40,26.2,1048,Transfer
487,2021-07-13,North,Retail,Electrical system,5,24.49,122.46,Credit card
488,2021-07-13,Central,Retail,Breaking system,8,24.14,193.16,Credit card
489,2021-07-13,North,Retail,Electrical system,6,20.9,125.43,Credit card
490,2021-07-13,North,Retail,Frame & body,2,45.27,90.54,Credit card
491,2021-07-13,Central,Retail,Electrical system,1,23.25,23.25,Credit card
492,2021-07-13,Central,Retail,Miscellaneous,10,27.85,278.5,Credit card
493,2021-07-13,West,Wholesale,Breaking system,4,17.06,68.23,Transfer
494,2021-07-13,Central,Wholesale,Suspension & traction,40,35.06,1402.53,Transfer
495,2021-07-14,Central,Retail,Frame & body,4,36.7,146.79,Credit card
496,2021-07-14,Central,Retail,Breaking system,7,12.08,84.6,Credit card
497,2021-07-14,North,Retail,Suspension & traction,4,30.38,121.5,Credit card
498,2021-07-14,West,Wholesale,Breaking system,8,23.83,190.64,Transfer
499,2021-07-14,North,Retail,Electrical system,1,29.47,29.47,Cash
500,2021-07-14,Central,Wholesale,Miscellaneous,8,15.81,126.49,Transfer
501,2021-07-14,Central,Retail,Frame & body,6,35.62,213.69,Credit card
502,2021-07-14,Central,Retail,Breaking system,5,13.26,66.3,Credit card
503,2021-07-15,West,Wholesale,Miscellaneous,8,29.9,239.16,Transfer
504,2021-07-15,North,Retail,Frame & body,3,40.78,122.32,Credit card
505,2021-07-15,Central,Wholesale,Frame & body,28,43.35,1213.71,Transfer
506,2021-07-15,Central,Wholesale,Miscellaneous,40,17.94,717.73,Transfer
507,2021-07-15,North,Retail,Suspension & traction,8,41.59,332.75,Credit card
508,2021-07-15,Central,Retail,Electrical system,4,29.29,117.16,Credit card
509,2021-07-15,West,Retail,Engine,2,59.72,119.44,Credit card
510,2021-07-15,North,Retail,Electrical system,1,31.88,31.88,Credit card
511,2021-07-16,West,Retail,Electrical system,8,22.27,178.19,Credit card
512,2021-07-16,West,Wholesale,Breaking system,12,21.75,260.96,Transfer
513,2021-07-16,West,Retail,Suspension & traction,1,41.47,41.47,Credit card
514,2021-07-16,Central,Retail,Miscellaneous,9,26.23,236.1,Credit card
515,2021-07-16,West,Retail,Electrical system,10,22.13,221.33,Credit card
516,2021-07-16,North,Retail,Miscellaneous,3,24.52,73.55,Credit card
517,2021-07-16,Central,Wholesale,Breaking system,40,24.88,995.33,Transfer
518,2021-07-16,North,Retail,Suspension & traction,8,36.66,293.28,Credit card
519,2021-07-16,Central,Retail,Suspension & traction,9,39.71,357.38,Credit card
520,2021-07-16,North,Retail,Breaking system,3,16.99,50.97,Credit card
521,2021-07-16,North,Retail,Breaking system,3,17.03,51.1,Credit card
522,2021-07-16,Central,Wholesale,Frame & body,4,48.05,192.21,Transfer
523,2021-07-16,Central,Retail,Engine,6,59.6,357.59,Credit card
524,2021-07-16,Central,Wholesale,Electrical system,28,29.48,825.53,Transfer
525,2021-07-16,Central,Retail,Breaking system,7,20.47,143.31,Credit card
526,2021-07-16,West,Wholesale,Electrical system,16,28.09,449.47,Transfer
527,2021-07-16,Central,Retail,Suspension & traction,5,27.96,139.81,Credit card
528,2021-07-16,West,Retail,Frame & body,3,37.46,112.37,Credit card
529,2021-07-16,North,Retail,Electrical system,6,19.21,115.26,Credit card
530,2021-07-17,North,Retail,Miscellaneous,7,17.47,122.29,Credit card
531,2021-07-17,Central,Retail,Suspension & traction,5,27.01,135.04,Credit card
532,2021-07-17,Central,Retail,Breaking system,4,18.36,73.45,Credit card
533,2021-07-17,Central,Retail,Frame & body,10,41.98,419.85,Credit card
534,2021-07-17,Central,Retail,Breaking system,1,23.56,23.56,Credit card
535,2021-07-17,West,Retail,Breaking system,7,24.63,172.42,Credit card
536,2021-07-17,Central,Retail,Breaking system,9,14.42,129.76,Credit card
537,2021-07-17,West,Retail,Electrical system,6,24.62,147.71,Cash
538,2021-07-18,West,Wholesale,Miscellaneous,20,25.23,504.63,Transfer
539,2021-07-18,North,Retail,Suspension & traction,8,39.8,318.39,Credit card
540,2021-07-18,North,Retail,Breaking system,3,15.9,47.69,Credit card
541,2021-07-18,North,Retail,Electrical system,5,22.43,112.13,Credit card
542,2021-07-18,Central,Retail,Suspension & traction,5,26.97,134.84,Credit card
543,2021-07-18,North,Retail,Frame & body,9,49.68,447.14,Credit card
544,2021-07-18,North,Wholesale,Breaking system,32,21.83,698.45,Transfer
545,2021-07-18,North,Retail,Electrical system,3,32.02,96.04,Credit card
546,2021-07-18,Central,Retail,Electrical system,6,31.24,187.45,Credit card
547,2021-07-18,West,Retail,Frame & body,7,44.66,312.65,Cash
548,2021-07-18,Central,Retail,Frame & body,9,41.11,369.99,Credit card
549,2021-07-18,Central,Retail,Electrical system,8,22.62,180.99,Credit card
550,2021-07-18,North,Retail,Breaking system,3,13.82,41.45,Cash
551,2021-07-19,West,Retail,Breaking system,3,23.37,70.11,Cash
552,2021-07-19,North,Wholesale,Suspension & traction,24,30.74,737.68,Transfer
553,2021-07-19,North,Wholesale,Breaking system,28,23.06,645.59,Transfer
554,2021-07-19,Central,Retail,Electrical system,2,19.13,38.25,Credit card
555,2021-07-19,North,Wholesale,Electrical system,4,27.08,108.32,Transfer
556,2021-07-19,Central,Wholesale,Electrical system,4,26.82,107.3,Transfer
557,2021-07-19,Central,Wholesale,Electrical system,16,24.01,384.19,Transfer
558,2021-07-20,North,Retail,Breaking system,2,24.75,49.49,Credit card
559,2021-07-20,North,Wholesale,Miscellaneous,36,29.78,1071.96,Transfer
560,2021-07-20,Central,Retail,Frame & body,7,44.01,308.09,Credit card
561,2021-07-20,Central,Retail,Suspension & traction,8,36.98,295.85,Cash
562,2021-07-20,Central,Retail,Suspension & traction,9,37.94,341.44,Credit card
563,2021-07-20,Central,Retail,Breaking system,4,15.21,60.83,Credit card
564,2021-07-20,North,Wholesale,Electrical system,36,28.26,1017.48,Transfer
565,2021-07-20,West,Retail,Engine,8,53.63,429.07,Credit card
566,2021-07-20,North,Retail,Engine,5,58.46,292.33,Credit card
567,2021-07-21,Central,Retail,Engine,5,61.11,305.57,Credit card
568,2021-07-21,Central,Retail,Miscellaneous,4,23.38,93.53,Cash
569,2021-07-21,West,Wholesale,Suspension & traction,4,39.38,157.51,Transfer
570,2021-07-21,North,Retail,Miscellaneous,5,28.72,143.58,Credit card
571,2021-07-21,North,Retail,Suspension & traction,2,31.28,62.56,Credit card
572,2021-07-21,Central,Wholesale,Frame & body,40,38.66,1546.6,Transfer
573,2021-07-21,Central,Retail,Miscellaneous,3,22.96,68.87,Credit card
574,2021-07-21,North,Retail,Engine,10,55.39,553.87,Credit card
575,2021-07-21,Central,Retail,Miscellaneous,10,19.98,199.83,Credit card
576,2021-07-21,Central,Wholesale,Breaking system,12,17.47,209.68,Transfer
577,2021-07-22,West,Retail,Breaking system,1,10.42,10.42,Credit card
578,2021-07-22,West,Retail,Engine,5,63.94,319.72,Credit card
579,2021-07-22,West,Retail,Frame & body,2,49.8,99.6,Credit card
580,2021-07-22,Central,Retail,Breaking system,4,20.64,82.55,Credit card
581,2021-07-22,North,Retail,Electrical system,3,32.44,97.32,Credit card
582,2021-07-22,Central,Retail,Engine,3,56.65,169.96,Credit card
583,2021-07-23,West,Retail,Frame & body,7,49.25,344.74,Credit card
584,2021-07-23,Central,Retail,Breaking system,5,14.96,74.79,Credit card
585,2021-07-23,Central,Retail,Suspension & traction,3,36.49,109.48,Credit card
586,2021-07-23,Central,Retail,Breaking system,9,17.39,156.46,Credit card
587,2021-07-23,Central,Retail,Breaking system,1,16.24,16.24,Cash
588,2021-07-23,North,Retail,Suspension & traction,10,27.9,279.03,Credit card
589,2021-07-23,Central,Retail,Miscellaneous,1,18.4,18.4,Credit card
590,2021-07-23,Central,Retail,Breaking system,10,11.25,112.48,Credit card
591,2021-07-23,North,Retail,Suspension & traction,1,35.97,35.97,Credit card
592,2021-07-23,North,Wholesale,Frame & body,40,37.42,1496.6,Transfer
593,2021-07-23,Central,Wholesale,Suspension & traction,8,27.12,216.97,Transfer
594,2021-07-24,Central,Retail,Electrical system,8,19.16,153.28,Credit card
595,2021-07-24,West,Retail,Miscellaneous,4,26.73,106.91,Cash
596,2021-07-24,Central,Retail,Electrical system,4,19.66,78.65,Credit card
597,2021-07-24,West,Retail,Miscellaneous,1,19.32,19.32,Credit card
598,2021-07-24,Central,Retail,Miscellaneous,3,29.8,89.4,Cash
599,2021-07-24,Central,Retail,Electrical system,9,29.26,263.38,Credit card
600,2021-07-24,North,Retail,Miscellaneous,4,25.58,102.31,Credit card
601,2021-07-24,West,Retail,Frame & body,7,43.06,301.46,Credit card
602,2021-07-25,Central,Retail,Frame & body,6,42.99,257.95,Credit card
603,2021-07-25,North,Retail,Suspension & traction,10,31.71,317.1,Credit card
604,2021-07-25,West,Retail,Electrical system,5,18.36,91.8,Cash
605,2021-07-25,Central,Retail,Breaking system,2,22.3,44.59,Credit card
606,2021-07-25,Central,Retail,Electrical system,10,20.79,207.9,Credit card
607,2021-07-25,North,Wholesale,Suspension & traction,8,32.95,263.57,Transfer
608,2021-07-25,Central,Retail,Miscellaneous,8,17.74,141.91,Cash
609,2021-07-25,Central,Retail,Suspension & traction,10,37.26,372.6,Credit card
610,2021-07-25,Central,Retail,Suspension & traction,6,34.29,205.73,Credit card
611,2021-07-26,West,Retail,Electrical system,5,31.01,155.03,Credit card
612,2021-07-26,Central,Retail,Breaking system,5,24.02,120.11,Credit card
613,2021-07-26,North,Retail,Miscellaneous,3,29.93,89.8,Credit card
614,2021-07-26,Central,Retail,Miscellaneous,4,23.81,95.23,Credit card
615,2021-07-26,Central,Retail,Suspension & traction,1,31.62,31.62,Credit card
616,2021-07-26,North,Retail,Electrical system,6,28.14,168.84,Credit card
617,2021-07-26,North,Retail,Frame & body,5,48.57,242.84,Credit card
618,2021-07-26,North,Retail,Frame & body,1,43.95,43.95,Credit card
619,2021-07-26,North,Retail,Breaking system,4,20.51,82.03,Credit card
620,2021-07-26,Central,Retail,Suspension & traction,5,38.67,193.37,Credit card
621,2021-07-26,North,Retail,Electrical system,3,27.53,82.59,Credit card
622,2021-07-26,Central,Retail,Suspension & traction,10,33.8,337.98,Credit card
623,2021-07-26,Central,Retail,Frame & body,1,48.08,48.08,Cash
624,2021-07-26,Central,Wholesale,Engine,32,57.1,1827.04,Transfer
625,2021-07-26,Central,Retail,Miscellaneous,1,21.44,21.44,Cash
626,2021-07-26,Central,Retail,Electrical system,4,27.1,108.38,Credit card
627,2021-07-27,Central,Retail,Frame & body,1,42.41,42.41,Credit card
628,2021-07-27,Central,Retail,Engine,6,66.62,399.71,Credit card
629,2021-07-27,North,Retail,Electrical system,2,24.44,48.87,Cash
630,2021-07-27,Central,Wholesale,Suspension & traction,24,40.12,962.8,Transfer
631,2021-07-27,Central,Retail,Breaking system,2,24.98,49.96,Credit card
632,2021-07-27,West,Retail,Breaking system,9,12.16,109.4,Credit card
633,2021-07-27,North,Retail,Breaking system,1,17.58,17.58,Credit card
634,2021-07-27,Central,Retail,Frame & body,4,49.26,197.03,Credit card
635,2021-07-27,Central,Wholesale,Miscellaneous,24,17.77,426.4,Transfer
636,2021-07-28,Central,Retail,Frame & body,5,44.54,222.72,Credit card
637,2021-07-28,North,Wholesale,Breaking system,8,11.91,95.31,Transfer
638,2021-07-28,Central,Retail,Engine,10,52.25,522.5,Credit card
639,2021-07-28,West,Retail,Suspension & traction,1,41.62,41.62,Credit card
640,2021-07-28,North,Retail,Breaking system,9,21.32,191.9,Credit card
641,2021-07-28,West,Retail,Miscellaneous,8,29.08,232.63,Cash
642,2021-07-28,Central,Retail,Electrical system,6,29.5,176.99,Credit card
643,2021-07-28,Central,Retail,Breaking system,10,11.63,116.28,Credit card
644,2021-07-28,Central,Retail,Breaking system,3,17.07,51.21,Credit card
645,2021-07-28,North,Retail,Miscellaneous,10,25.74,257.4,Credit card
646,2021-07-28,North,Wholesale,Suspension & traction,28,40.43,1132.13,Transfer
647,2021-07-28,Central,Wholesale,Electrical system,36,26.12,940.14,Transfer
648,2021-07-28,North,Retail,Breaking system,10,11.48,114.75,Credit card
649,2021-07-28,West,Retail,Engine,7,64.31,450.18,Credit card
650,2021-07-29,Central,Retail,Breaking system,10,15.18,151.82,Credit card
651,2021-07-29,Central,Retail,Suspension & traction,8,39.33,314.64,Credit card
652,2021-07-29,North,Wholesale,Miscellaneous,24,26.77,642.48,Transfer
653,2021-07-29,North,Retail,Electrical system,3,26,78,Credit card
654,2021-07-29,West,Wholesale,Breaking system,8,23.87,190.93,Transfer
655,2021-07-29,Central,Retail,Electrical system,1,26.72,26.72,Cash
656,2021-07-30,North,Retail,Suspension & traction,2,30.79,61.58,Credit card
657,2021-07-30,Central,Retail,Electrical system,3,19.14,57.41,Credit card
658,2021-07-30,North,Retail,Electrical system,10,24.25,242.47,Credit card
659,2021-07-30,Central,Retail,Electrical system,2,28.25,56.5,Credit card
660,2021-07-30,Central,Retail,Suspension & traction,3,29.58,88.75,Credit card
661,2021-07-30,Central,Wholesale,Breaking system,28,21.88,612.78,Transfer
662,2021-07-30,Central,Retail,Miscellaneous,1,22.29,22.29,Cash
663,2021-07-30,North,Retail,Breaking system,4,12.05,48.21,Credit card
664,2021-07-30,Central,Retail,Breaking system,9,21.42,192.82,Credit card
665,2021-07-30,West,Wholesale,Miscellaneous,16,25.82,413.04,Transfer
666,2021-07-31,Central,Retail,Suspension & traction,5,27.2,136.02,Cash
667,2021-07-31,North,Retail,Frame & body,2,39.91,79.82,Credit card
668,2021-07-31,West,Retail,Frame & body,7,45.66,319.64,Credit card
669,2021-07-31,Central,Retail,Suspension & traction,10,41.23,412.3,Credit card
670,2021-07-31,Central,Wholesale,Suspension & traction,36,29.5,1062,Transfer
671,2021-07-31,West,Retail,Frame & body,2,35.73,71.46,Credit card
672,2021-07-31,Central,Retail,Suspension & traction,9,39.73,357.58,Credit card
673,2021-07-31,Central,Retail,Engine,3,62.23,186.7,Credit card
674,2021-07-31,Central,Retail,Frame & body,10,42.42,424.25,Cash
675,2021-07-31,North,Retail,Miscellaneous,4,24.42,97.68,Credit card
676,2021-07-31,Central,Retail,Frame & body,2,37.55,75.1,Credit card
677,2021-07-31,Central,Retail,Suspension & traction,9,41.62,374.6,Credit card
678,2021-07-31,Central,Retail,Suspension & traction,2,31.38,62.76,Credit card
679,2021-07-31,North,Wholesale,Frame & body,12,48.1,577.26,Transfer
680,2021-07-31,West,Retail,Breaking system,3,12.84,38.51,Credit card
681,2021-07-31,Central,Wholesale,Electrical system,12,21.04,252.52,Transfer
682,2021-07-31,Central,Wholesale,Breaking system,20,23.75,474.97,Transfer
683,2021-07-31,Central,Retail,Electrical system,7,30.93,216.53,Credit card
684,2021-08-01,West,Wholesale,Electrical system,32,21.7,694.4,Transfer
685,2021-08-01,West,Retail,Electrical system,5,25.32,126.6,Credit card
686,2021-08-01,North,Retail,Electrical system,7,21.49,150.44,Credit card
687,2021-08-01,North,Retail,Breaking system,1,16.07,16.07,Credit card
688,2021-08-01,West,Retail,Suspension & traction,8,28.48,227.8,Credit card
689,2021-08-01,Central,Wholesale,Electrical system,40,30.33,1213.13,Transfer
690,2021-08-01,North,Retail,Engine,1,54.17,54.17,Credit card
691,2021-08-01,Central,Retail,Suspension & traction,8,30.02,240.16,Cash
692,2021-08-01,Central,Wholesale,Breaking system,40,20.51,820.33,Transfer
693,2021-08-01,West,Retail,Suspension & traction,8,32.34,258.68,Cash
694,2021-08-01,North,Retail,Suspension & traction,7,32.72,229.05,Credit card
695,2021-08-01,Central,Retail,Suspension & traction,8,40.75,325.99,Credit card
696,2021-08-01,North,Retail,Breaking system,8,12.03,96.23,Credit card
697,2021-08-01,West,Retail,Electrical system,6,24.42,146.53,Cash
698,2021-08-02,North,Retail,Suspension & traction,9,30.55,274.95,Cash
699,2021-08-02,Central,Retail,Miscellaneous,8,29.78,238.27,Credit card
700,2021-08-02,North,Retail,Miscellaneous,4,25.78,103.11,Credit card
701,2021-08-02,North,Wholesale,Breaking system,36,16.49,593.76,Transfer
702,2021-08-02,North,Retail,Engine,3,61.45,184.36,Credit card
703,2021-08-02,North,Retail,Frame & body,7,35.39,247.73,Credit card
704,2021-08-02,Central,Retail,Suspension & traction,9,28.21,253.86,Credit card
705,2021-08-02,North,Wholesale,Engine,40,58.1,2324.2,Transfer
706,2021-08-02,North,Retail,Electrical system,5,19.1,95.52,Credit card
707,2021-08-02,North,Retail,Suspension & traction,4,34.42,137.69,Credit card
708,2021-08-02,North,Wholesale,Electrical system,24,33.3,799.32,Transfer
709,2021-08-02,Central,Retail,Suspension & traction,1,30.04,30.04,Credit card
710,2021-08-03,Central,Wholesale,Miscellaneous,40,26.38,1055.4,Transfer
711,2021-08-03,North,Retail,Suspension & traction,3,38.05,114.16,Cash
712,2021-08-03,Central,Retail,Electrical system,8,20.89,167.09,Credit card
713,2021-08-03,West,Wholesale,Suspension & traction,40,27.02,1080.8,Transfer
714,2021-08-03,Central,Retail,Suspension & traction,8,40.91,327.28,Credit card
715,2021-08-03,Central,Wholesale,Miscellaneous,12,21.42,257.04,Transfer
716,2021-08-03,West,Retail,Frame & body,7,47.18,330.24,Credit card
717,2021-08-03,Central,Wholesale,Miscellaneous,12,16.35,196.16,Transfer
718,2021-08-03,Central,Retail,Breaking system,5,15.7,78.52,Credit card
719,2021-08-03,Central,Wholesale,Engine,28,59.33,1661.19,Transfer
720,2021-08-03,North,Retail,Breaking system,2,21.98,43.97,Credit card
721,2021-08-03,Central,Retail,Breaking system,5,11.99,59.95,Credit card
722,2021-08-03,Central,Retail,Electrical system,3,31.33,93.99,Credit card
723,2021-08-03,Central,Retail,Suspension & traction,6,38.78,232.7,Credit card
724,2021-08-03,Central,Wholesale,Engine,28,60.88,1704.78,Transfer
725,2021-08-03,Central,Retail,Frame & body,10,44.96,449.57,Credit card
726,2021-08-03,Central,Wholesale,Electrical system,24,23.51,564.24,Transfer
727,2021-08-04,Central,Retail,Frame & body,5,44.57,222.86,Credit card
728,2021-08-04,Central,Retail,Miscellaneous,7,23.68,165.76,Credit card
729,2021-08-04,Central,Retail,Suspension & traction,5,29.73,148.65,Credit card
730,2021-08-04,Central,Wholesale,Frame & body,36,39.55,1423.92,Transfer
731,2021-08-04,Central,Wholesale,Breaking system,8,16.65,133.23,Transfer
732,2021-08-04,North,Wholesale,Electrical system,36,20.25,729,Transfer
733,2021-08-04,West,Retail,Suspension & traction,1,31.17,31.17,Credit card
734,2021-08-04,North,Retail,Frame & body,6,48.69,292.13,Credit card
735,2021-08-04,Central,Retail,Suspension & traction,8,36.98,295.81,Credit card
736,2021-08-04,North,Wholesale,Frame & body,40,35.97,1438.73,Transfer
737,2021-08-04,North,Retail,Electrical system,1,29.96,29.96,Cash
738,2021-08-05,North,Wholesale,Suspension & traction,16,29.72,475.49,Transfer
739,2021-08-05,Central,Retail,Suspension & traction,2,27.69,55.39,Cash
740,2021-08-05,Central,Retail,Suspension & traction,4,39.01,156.05,Credit card
741,2021-08-05,Central,Retail,Suspension & traction,5,33.38,166.9,Credit card
742,2021-08-05,Central,Retail,Suspension & traction,6,28.7,172.21,Credit card
743,2021-08-05,Central,Retail,Breaking system,2,24.97,49.93,Credit card
744,2021-08-05,North,Retail,Electrical system,9,19.26,173.32,Credit card
745,2021-08-05,North,Retail,Suspension & traction,1,41.32,41.32,Credit card
746,2021-08-05,Central,Retail,Breaking system,4,11.08,44.3,Credit card
747,2021-08-06,Central,Retail,Electrical system,6,30.22,181.3,Credit card
748,2021-08-06,North,Retail,Electrical system,1,32.86,32.86,Cash
749,2021-08-06,North,Retail,Suspension & traction,6,30.67,183.99,Credit card
750,2021-08-06,Central,Retail,Breaking system,2,15.55,31.09,Credit card
751,2021-08-06,Central,Retail,Miscellaneous,5,16.27,81.36,Credit card
752,2021-08-06,West,Retail,Electrical system,6,24.38,146.26,Credit card
753,2021-08-06,Central,Retail,Miscellaneous,4,16.17,64.69,Credit card
754,2021-08-06,Central,Retail,Breaking system,10,14.59,145.92,Credit card
755,2021-08-06,West,Retail,Electrical system,5,19.21,96.07,Credit card
756,2021-08-06,North,Wholesale,Suspension & traction,40,40.11,1604.33,Transfer
757,2021-08-06,North,Retail,Breaking system,5,18.63,93.14,Credit card
758,2021-08-07,Central,Retail,Frame & body,9,49.99,449.94,Credit card
759,2021-08-07,West,Wholesale,Breaking system,36,24.83,893.82,Transfer
760,2021-08-07,Central,Retail,Electrical system,4,32.33,129.31,Credit card
761,2021-08-07,North,Retail,Engine,4,58.62,234.47,Credit card
762,2021-08-07,Central,Wholesale,Breaking system,32,17.74,567.84,Transfer
763,2021-08-07,West,Retail,Suspension & traction,6,37.65,225.91,Credit card
764,2021-08-07,North,Retail,Breaking system,8,24.55,196.39,Credit card
765,2021-08-07,Central,Retail,Breaking system,7,24.26,169.8,Credit card
766,2021-08-07,Central,Wholesale,Suspension & traction,28,33.7,943.51,Transfer
767,2021-08-07,Central,Retail,Suspension & traction,4,29.25,117.01,Credit card
768,2021-08-07,North,Wholesale,Miscellaneous,20,29.96,599.27,Transfer
769,2021-08-07,West,Wholesale,Frame & body,20,41.48,829.7,Transfer
770,2021-08-07,North,Retail,Frame & body,2,43.48,86.96,Credit card
771,2021-08-07,North,Retail,Frame & body,10,42.04,420.43,Credit card
772,2021-08-07,North,Retail,Electrical system,10,25.32,253.23,Cash
773,2021-08-07,Central,Retail,Breaking system,1,11.05,11.05,Credit card
774,2021-08-08,North,Retail,Suspension & traction,7,40.62,284.3,Credit card
775,2021-08-08,Central,Wholesale,Engine,40,63.66,2546.33,Transfer
776,2021-08-08,Central,Retail,Breaking system,3,17.89,53.67,Credit card
777,2021-08-08,Central,Retail,Miscellaneous,7,16.37,114.59,Credit card
778,2021-08-08,North,Retail,Frame & body,3,37.64,112.92,Credit card
779,2021-08-08,North,Wholesale,Miscellaneous,28,15.02,420.61,Transfer
780,2021-08-08,West,Retail,Breaking system,3,15.96,47.87,Credit card
781,2021-08-08,Central,Wholesale,Suspension & traction,36,30.96,1114.74,Transfer
782,2021-08-08,North,Retail,Electrical system,2,26.34,52.68,Credit card
783,2021-08-08,North,Retail,Frame & body,5,43.77,218.85,Credit card
784,2021-08-08,North,Retail,Breaking system,2,22.95,45.89,Credit card
785,2021-08-08,Central,Retail,Suspension & traction,1,29.24,29.24,Credit card
786,2021-08-09,Central,Retail,Miscellaneous,6,21.13,126.77,Cash
787,2021-08-09,North,Retail,Suspension & traction,8,35.57,284.56,Credit card
788,2021-08-09,Central,Retail,Frame & body,7,39.09,273.65,Credit card
789,2021-08-09,North,Retail,Suspension & traction,5,29.72,148.6,Credit card
790,2021-08-09,Central,Retail,Electrical system,5,22.42,112.08,Credit card
791,2021-08-09,North,Wholesale,Electrical system,28,28.16,788.34,Transfer
792,2021-08-09,Central,Retail,Suspension & traction,2,31.72,63.43,Credit card
793,2021-08-09,North,Retail,Electrical system,2,26.63,53.26,Credit card
794,2021-08-09,North,Retail,Breaking system,4,24.11,96.45,Credit card
795,2021-08-09,Central,Wholesale,Frame & body,28,38.27,1071.51,Transfer
796,2021-08-09,West,Retail,Electrical system,7,21.61,151.28,Credit card
797,2021-08-10,Central,Retail,Suspension & traction,7,31.79,222.52,Credit card
798,2021-08-10,North,Wholesale,Frame & body,28,49.73,1392.53,Transfer
799,2021-08-10,North,Retail,Electrical system,4,24.61,98.45,Credit card
800,2021-08-10,Central,Wholesale,Engine,36,60.73,2186.16,Transfer
801,2021-08-10,West,Wholesale,Breaking system,16,24.04,384.69,Transfer
802,2021-08-10,West,Retail,Miscellaneous,7,22.51,157.55,Credit card
803,2021-08-10,Central,Wholesale,Electrical system,12,18.43,221.18,Transfer
804,2021-08-10,Central,Wholesale,Engine,4,56.5,226.01,Transfer
805,2021-08-10,Central,Retail,Electrical system,4,23.58,94.33,Credit card
806,2021-08-10,Central,Retail,Suspension & traction,4,32.7,130.81,Credit card
807,2021-08-10,West,Retail,Electrical system,6,21.77,130.61,Credit card
808,2021-08-10,Central,Retail,Frame & body,4,49.62,198.49,Credit card
809,2021-08-11,Central,Wholesale,Breaking system,16,14.72,235.47,Transfer
810,2021-08-11,Central,Retail,Frame & body,2,45.48,90.96,Credit card
811,2021-08-11,North,Retail,Breaking system,5,17.38,86.89,Credit card
812,2021-08-11,North,Retail,Miscellaneous,7,20.96,146.76,Credit card
813,2021-08-11,Central,Retail,Suspension & traction,8,35.65,285.21,Cash
814,2021-08-11,North,Retail,Electrical system,10,19.31,193.12,Credit card
815,2021-08-11,West,Retail,Breaking system,8,10.36,82.92,Credit card
816,2021-08-11,Central,Retail,Breaking system,2,14.12,28.23,Credit card
817,2021-08-11,Central,Retail,Engine,10,53.02,530.18,Credit card
818,2021-08-11,West,Retail,Breaking system,1,17.75,17.75,Credit card
819,2021-08-12,North,Wholesale,Breaking system,8,12.25,97.97,Transfer
820,2021-08-12,Central,Retail,Frame & body,1,40.48,40.48,Cash
821,2021-08-12,Central,Retail,Suspension & traction,4,30.91,123.65,Credit card
822,2021-08-12,North,Wholesale,Frame & body,36,49.58,1784.88,Transfer
823,2021-08-12,Central,Wholesale,Breaking system,28,17.45,488.74,Transfer
824,2021-08-12,North,Retail,Electrical system,7,33.26,232.81,Credit card
825,2021-08-12,Central,Retail,Suspension & traction,6,36.68,220.11,Credit card
826,2021-08-12,Central,Wholesale,Frame & body,24,39.2,940.88,Transfer
827,2021-08-12,West,Retail,Suspension & traction,7,29.64,207.49,Credit card
828,2021-08-12,Central,Retail,Electrical system,9,25.22,226.98,Credit card
829,2021-08-12,Central,Retail,Breaking system,10,18.27,182.68,Credit card
830,2021-08-12,Central,Retail,Miscellaneous,8,22.2,177.61,Credit card
831,2021-08-12,Central,Retail,Breaking system,4,12.05,48.21,Credit card
832,2021-08-12,Central,Retail,Suspension & traction,9,28.6,257.37,Credit card
833,2021-08-12,North,Retail,Electrical system,3,19.28,57.84,Credit card
834,2021-08-12,West,Retail,Electrical system,5,31.32,156.59,Credit card
835,2021-08-12,Central,Retail,Engine,10,63.76,637.63,Credit card
836,2021-08-12,West,Retail,Breaking system,10,21.26,212.6,Credit card
837,2021-08-13,Central,Wholesale,Frame & body,32,48.42,1549.49,Transfer
838,2021-08-13,Central,Retail,Electrical system,4,26.25,104.99,Credit card
839,2021-08-13,Central,Retail,Electrical system,1,32.13,32.13,Cash
840,2021-08-13,North,Retail,Electrical system,9,20.82,187.34,Cash
841,2021-08-13,North,Retail,Engine,2,66.1,132.19,Credit card
842,2021-08-13,North,Wholesale,Breaking system,40,11.61,464.4,Transfer
843,2021-08-13,Central,Retail,Suspension & traction,8,35.88,287.01,Credit card
844,2021-08-13,Central,Wholesale,Frame & body,12,49.47,593.6,Transfer
921,2021-08-21,North,Retail,Suspension & traction,1,29.22,29.22,Cash
845,2021-08-13,Central,Retail,Breaking system,2,12.86,25.73,Credit card
846,2021-08-13,Central,Retail,Suspension & traction,9,27.26,245.38,Credit card
847,2021-08-13,Central,Retail,Engine,8,51.79,414.33,Credit card
848,2021-08-13,Central,Retail,Suspension & traction,2,30.53,61.07,Credit card
849,2021-08-14,Central,Retail,Frame & body,10,39.06,390.62,Credit card
850,2021-08-14,Central,Retail,Miscellaneous,9,27.97,251.7,Credit card
851,2021-08-14,West,Retail,Breaking system,4,24.54,98.17,Credit card
852,2021-08-14,North,Retail,Frame & body,8,45.42,363.33,Credit card
853,2021-08-14,North,Retail,Miscellaneous,5,23.94,119.68,Cash
854,2021-08-14,Central,Retail,Frame & body,1,45.83,45.83,Credit card
855,2021-08-14,Central,Retail,Suspension & traction,4,40.94,163.76,Credit card
856,2021-08-14,North,Retail,Suspension & traction,4,28.96,115.83,Credit card
857,2021-08-14,West,Wholesale,Electrical system,8,19.23,153.83,Transfer
858,2021-08-15,West,Retail,Miscellaneous,1,17.1,17.1,Credit card
859,2021-08-15,Central,Retail,Frame & body,6,42.42,254.51,Credit card
860,2021-08-15,North,Retail,Suspension & traction,4,37.91,151.65,Credit card
861,2021-08-15,Central,Wholesale,Breaking system,40,14.2,567.93,Transfer
862,2021-08-15,North,Wholesale,Frame & body,40,46.15,1846.13,Transfer
863,2021-08-15,Central,Retail,Suspension & traction,9,26.88,241.92,Credit card
864,2021-08-16,West,Retail,Suspension & traction,10,29.76,297.55,Credit card
865,2021-08-16,West,Wholesale,Breaking system,4,23.66,94.65,Transfer
866,2021-08-16,Central,Retail,Suspension & traction,3,32.35,97.06,Credit card
867,2021-08-16,Central,Wholesale,Breaking system,4,16.91,67.65,Transfer
868,2021-08-16,North,Retail,Frame & body,5,38.88,194.38,Credit card
869,2021-08-16,Central,Retail,Suspension & traction,3,41.62,124.85,Credit card
870,2021-08-16,North,Retail,Electrical system,4,25.2,100.79,Credit card
871,2021-08-17,North,Wholesale,Miscellaneous,8,27.22,217.79,Transfer
872,2021-08-17,North,Retail,Breaking system,9,21.07,189.6,Credit card
873,2021-08-17,Central,Retail,Breaking system,8,12.57,100.56,Credit card
874,2021-08-17,Central,Wholesale,Suspension & traction,32,39.76,1272.27,Transfer
875,2021-08-17,North,Retail,Breaking system,1,10.92,10.92,Credit card
876,2021-08-17,Central,Retail,Electrical system,1,24.37,24.37,Credit card
877,2021-08-17,West,Retail,Breaking system,10,22.1,221.05,Credit card
878,2021-08-17,West,Retail,Frame & body,9,49.87,448.86,Credit card
879,2021-08-17,North,Retail,Suspension & traction,4,28.88,115.53,Credit card
880,2021-08-17,North,Retail,Electrical system,9,29.18,262.59,Credit card
881,2021-08-17,Central,Wholesale,Suspension & traction,16,31.47,503.49,Transfer
882,2021-08-17,West,Retail,Electrical system,4,27.69,110.76,Credit card
883,2021-08-17,Central,Retail,Electrical system,7,21.72,152.07,Credit card
884,2021-08-17,West,Retail,Suspension & traction,4,37.59,150.35,Credit card
885,2021-08-17,Central,Retail,Electrical system,2,21.1,42.2,Cash
886,2021-08-17,North,Retail,Suspension & traction,5,30.45,152.26,Credit card
887,2021-08-18,West,Retail,Suspension & traction,6,38.86,233.17,Credit card
888,2021-08-18,Central,Retail,Frame & body,8,45.99,367.89,Credit card
889,2021-08-18,Central,Retail,Breaking system,2,24.88,49.75,Credit card
890,2021-08-18,North,Retail,Frame & body,9,39.79,358.08,Credit card
891,2021-08-18,West,Retail,Frame & body,5,37.54,187.71,Credit card
892,2021-08-18,North,Wholesale,Electrical system,24,29.08,698.04,Transfer
893,2021-08-18,Central,Retail,Breaking system,3,11.81,35.44,Credit card
894,2021-08-18,North,Wholesale,Breaking system,4,23.6,94.41,Transfer
895,2021-08-18,West,Wholesale,Breaking system,40,20.16,806.6,Transfer
896,2021-08-18,Central,Retail,Suspension & traction,5,40.39,201.97,Credit card
897,2021-08-18,Central,Retail,Miscellaneous,3,26.65,79.96,Credit card
898,2021-08-18,North,Retail,Miscellaneous,2,20.54,41.08,Credit card
899,2021-08-18,Central,Retail,Breaking system,1,13.94,13.94,Credit card
900,2021-08-18,North,Retail,Suspension & traction,9,40.66,365.94,Cash
901,2021-08-18,North,Retail,Frame & body,10,40.67,406.7,Cash
902,2021-08-19,North,Wholesale,Suspension & traction,36,30.64,1103.04,Transfer
903,2021-08-19,West,Retail,Breaking system,6,17.88,107.29,Credit card
904,2021-08-19,North,Retail,Suspension & traction,8,40,320.03,Credit card
905,2021-08-19,North,Retail,Suspension & traction,3,29.41,88.24,Credit card
906,2021-08-19,North,Retail,Electrical system,5,21.41,107.04,Credit card
907,2021-08-19,Central,Wholesale,Frame & body,16,41.58,665.31,Transfer
908,2021-08-20,Central,Retail,Breaking system,4,11.31,45.25,Cash
909,2021-08-20,North,Retail,Frame & body,6,43.69,262.13,Credit card
910,2021-08-20,Central,Wholesale,Frame & body,32,48.07,1538.29,Transfer
911,2021-08-20,North,Retail,Breaking system,5,17.76,88.8,Credit card
912,2021-08-20,North,Retail,Suspension & traction,8,33.76,270.12,Cash
913,2021-08-20,North,Retail,Suspension & traction,1,28.05,28.05,Credit card
914,2021-08-20,North,Retail,Electrical system,1,32.52,32.52,Credit card
915,2021-08-20,Central,Retail,Frame & body,6,39.5,237.02,Credit card
916,2021-08-20,North,Retail,Suspension & traction,8,33.49,267.91,Credit card
917,2021-08-20,North,Retail,Frame & body,5,47.65,238.26,Credit card
918,2021-08-21,North,Retail,Breaking system,3,17.12,51.38,Credit card
919,2021-08-21,West,Retail,Suspension & traction,7,38.53,269.73,Credit card
920,2021-08-21,Central,Retail,Breaking system,4,23.59,94.36,Credit card
922,2021-08-21,North,Retail,Electrical system,10,28.91,289.12,Credit card
923,2021-08-21,West,Retail,Breaking system,7,19.57,136.96,Cash
924,2021-08-21,North,Retail,Breaking system,4,14.52,58.1,Credit card
925,2021-08-21,North,Retail,Miscellaneous,6,25.65,153.88,Credit card
926,2021-08-21,Central,Retail,Engine,8,59.15,473.23,Cash
927,2021-08-21,North,Wholesale,Frame & body,40,35.92,1436.67,Transfer
928,2021-08-21,West,Retail,Suspension & traction,7,34.27,239.88,Credit card
929,2021-08-22,Central,Wholesale,Frame & body,20,35.78,715.67,Transfer
930,2021-08-22,North,Retail,Suspension & traction,4,35.99,143.96,Credit card
931,2021-08-22,Central,Retail,Breaking system,6,18.12,108.75,Credit card
932,2021-08-22,Central,Retail,Electrical system,10,27.49,274.92,Credit card
933,2021-08-22,Central,Retail,Frame & body,5,37.46,187.31,Credit card
934,2021-08-22,Central,Retail,Breaking system,9,14,125.97,Cash
935,2021-08-22,Central,Retail,Suspension & traction,6,41.65,249.92,Cash
936,2021-08-22,North,Retail,Suspension & traction,2,36.72,73.44,Credit card
937,2021-08-22,Central,Wholesale,Suspension & traction,16,38.06,609.01,Transfer
938,2021-08-22,Central,Retail,Electrical system,5,30.48,152.4,Credit card
939,2021-08-22,West,Retail,Suspension & traction,1,37.48,37.48,Credit card
940,2021-08-23,West,Retail,Electrical system,7,30.9,216.29,Credit card
941,2021-08-23,Central,Retail,Frame & body,2,48.88,97.77,Credit card
942,2021-08-23,North,Retail,Electrical system,7,19.89,139.21,Credit card
943,2021-08-23,Central,Retail,Breaking system,5,21.09,105.43,Credit card
944,2021-08-23,North,Retail,Electrical system,3,19.3,57.9,Credit card
945,2021-08-23,North,Wholesale,Electrical system,16,22.73,363.63,Transfer
946,2021-08-23,Central,Retail,Electrical system,4,25.48,101.93,Credit card
947,2021-08-23,North,Retail,Breaking system,4,17.57,70.26,Cash
948,2021-08-23,West,Retail,Miscellaneous,6,19.9,119.43,Credit card
949,2021-08-24,West,Retail,Suspension & traction,2,39.04,78.08,Cash
950,2021-08-24,Central,Wholesale,Frame & body,4,39.85,159.41,Transfer
951,2021-08-24,Central,Retail,Electrical system,2,23.95,47.9,Cash
952,2021-08-24,North,Wholesale,Electrical system,20,21.29,425.77,Transfer
953,2021-08-24,Central,Wholesale,Suspension & traction,36,27.05,973.74,Transfer
954,2021-08-24,North,Wholesale,Electrical system,20,18.45,368.97,Transfer
955,2021-08-24,West,Retail,Miscellaneous,9,16.05,144.46,Credit card
956,2021-08-24,North,Wholesale,Breaking system,12,15.21,182.56,Transfer
957,2021-08-24,West,Retail,Breaking system,1,16.45,16.45,Credit card
958,2021-08-24,North,Wholesale,Suspension & traction,28,37.03,1036.93,Transfer
959,2021-08-24,North,Retail,Electrical system,4,27.38,109.51,Credit card
960,2021-08-24,North,Retail,Breaking system,1,17.06,17.06,Credit card
961,2021-08-24,Central,Retail,Electrical system,3,24.28,72.86,Cash
962,2021-08-25,North,Retail,Breaking system,3,17.06,51.17,Credit card
963,2021-08-25,Central,Retail,Frame & body,6,48.9,293.39,Credit card
964,2021-08-25,Central,Retail,Miscellaneous,3,18.72,56.16,Credit card
965,2021-08-25,Central,Wholesale,Electrical system,8,25.95,207.56,Transfer
966,2021-08-25,North,Wholesale,Suspension & traction,8,32.39,259.12,Transfer
967,2021-08-25,North,Wholesale,Miscellaneous,28,21.56,603.77,Transfer
968,2021-08-25,North,Retail,Breaking system,2,21.59,43.18,Credit card
969,2021-08-25,Central,Wholesale,Breaking system,12,13.19,158.3,Transfer
970,2021-08-25,West,Retail,Breaking system,9,24.97,224.73,Credit card
971,2021-08-25,North,Retail,Engine,8,55.41,443.28,Cash
972,2021-08-26,North,Retail,Miscellaneous,6,23.04,138.26,Cash
973,2021-08-26,North,Retail,Breaking system,7,20.24,141.7,Cash
974,2021-08-26,North,Retail,Suspension & traction,7,29.34,205.36,Credit card
975,2021-08-26,Central,Retail,Breaking system,3,13.4,40.18,Credit card
976,2021-08-26,North,Retail,Miscellaneous,3,25.28,75.84,Cash
977,2021-08-26,North,Wholesale,Breaking system,20,16.89,337.8,Transfer
978,2021-08-26,Central,Retail,Electrical system,3,24.61,73.82,Credit card
979,2021-08-26,North,Retail,Electrical system,7,18.35,128.43,Credit card
980,2021-08-26,Central,Retail,Miscellaneous,3,19.77,59.3,Credit card
981,2021-08-26,West,Retail,Breaking system,4,16.63,66.53,Cash
982,2021-08-27,Central,Wholesale,Engine,20,60.22,1204.3,Transfer
983,2021-08-27,Central,Retail,Electrical system,7,28.63,200.4,Cash
984,2021-08-27,North,Wholesale,Suspension & traction,12,37.07,444.84,Transfer
985,2021-08-27,Central,Retail,Electrical system,10,30.39,303.9,Cash
986,2021-08-27,North,Retail,Electrical system,10,28.56,285.63,Credit card
987,2021-08-27,West,Retail,Electrical system,4,21.47,85.89,Credit card
988,2021-08-27,Central,Retail,Engine,5,59.14,295.72,Credit card
989,2021-08-27,Central,Retail,Engine,10,64.64,646.45,Credit card
990,2021-08-28,North,Retail,Frame & body,7,40.04,280.27,Credit card
991,2021-08-28,West,Wholesale,Miscellaneous,32,25.42,813.44,Transfer
992,2021-08-28,Central,Wholesale,Miscellaneous,8,28.9,231.2,Transfer
993,2021-08-28,Central,Wholesale,Electrical system,32,28.76,920.37,Transfer
994,2021-08-28,West,Retail,Electrical system,6,28.37,170.21,Credit card
995,2021-08-28,North,Retail,Suspension & traction,6,30.74,184.42,Credit card
996,2021-08-28,Central,Retail,Electrical system,9,32.87,295.83,Credit card
997,2021-08-28,West,Wholesale,Breaking system,32,10.03,320.96,Transfer
998,2021-08-28,West,Wholesale,Electrical system,12,32.8,393.64,Transfer
999,2021-08-28,North,Retail,Frame & body,5,48.25,241.23,Cash
1000,2021-08-28,North,Wholesale,Electrical system,20,27.41,548.13,Transfer
1001,2021-06-01,Central,Retail,Miscellaneous,8,16.85,134.83,Credit card
1002,2021-06-01,North,Retail,Breaking system,9,19.29,173.61,Cash
1003,2021-06-01,North,Retail,Suspension & traction,8,32.93,263.45,Credit card
1004,2021-06-01,North,Wholesale,Frame & body,16,37.84,605.44,Transfer
1005,2021-06-01,Central,Retail,Engine,2,60.48,120.96,Credit card
1006,2021-06-01,North,Wholesale,Suspension & traction,40,37.37,1494.8,Transfer
1007,2021-06-01,West,Retail,Electrical system,2,27.2,54.41,Credit card
1008,2021-06-01,Central,Retail,Breaking system,10,22.44,224.38,Credit card
1009,2021-06-01,West,Wholesale,Frame & body,40,39.5,1579.87,Transfer
1010,2021-06-01,North,Retail,Frame & body,6,45.44,272.61,Credit card
1011,2021-06-01,Central,Retail,Frame & body,6,38.2,229.22,Credit card
1012,2021-06-01,Central,Retail,Suspension & traction,6,37.45,224.71,Credit card
1013,2021-06-02,Central,Retail,Suspension & traction,6,28.67,172.01,Credit card
1014,2021-06-02,Central,Retail,Breaking system,9,15.1,135.92,Credit card
1015,2021-06-02,Central,Retail,Electrical system,10,22.37,223.68,Credit card
1016,2021-06-02,West,Retail,Breaking system,2,24.97,49.94,Credit card
1017,2021-06-02,North,Retail,Frame & body,1,40.41,40.41,Credit card
1018,2021-06-02,North,Retail,Miscellaneous,6,20.28,121.66,Credit card
1019,2021-06-02,Central,Retail,Frame & body,6,40.77,244.63,Credit card
1020,2021-06-02,West,Retail,Frame & body,8,38.61,308.89,Credit card
1021,2021-06-03,North,Retail,Electrical system,9,20.5,184.54,Credit card
1022,2021-06-03,North,Retail,Suspension & traction,5,36.18,180.91,Credit card
1023,2021-06-03,North,Retail,Electrical system,5,28.33,141.67,Credit card
1024,2021-06-03,Central,Retail,Suspension & traction,6,35.52,213.15,Credit card
1025,2021-06-03,Central,Retail,Electrical system,1,29.31,29.31,Cash
1026,2021-06-03,Central,Retail,Frame & body,1,48.9,48.9,Credit card
1027,2021-06-03,West,Retail,Electrical system,2,20.19,40.37,Credit card
1028,2021-06-03,Central,Retail,Electrical system,8,27,216,Credit card
1029,2021-06-04,North,Retail,Suspension & traction,10,30.92,309.23,Credit card
1030,2021-06-04,Central,Retail,Breaking system,4,19.78,79.14,Credit card
1031,2021-06-04,Central,Retail,Frame & body,3,41.07,123.21,Credit card
1032,2021-06-04,North,Retail,Electrical system,5,20.16,100.81,Credit card
1033,2021-06-04,Central,Retail,Suspension & traction,1,37.03,37.03,Credit card
1034,2021-06-04,West,Retail,Electrical system,9,27.78,249.98,Credit card
1035,2021-06-05,Central,Retail,Breaking system,3,21.01,63.03,Credit card
1036,2021-06-05,West,Retail,Breaking system,6,12.9,77.38,Cash
1037,2021-06-05,North,Wholesale,Electrical system,28,29.12,815.22,Transfer
1038,2021-06-05,Central,Retail,Miscellaneous,1,25.2,25.2,Credit card
1039,2021-06-05,Central,Retail,Breaking system,1,20.66,20.66,Credit card
1040,2021-06-05,North,Retail,Electrical system,7,32.31,226.19,Credit card
1041,2021-06-05,North,Wholesale,Suspension & traction,16,36.79,588.64,Transfer
1042,2021-06-05,North,Retail,Suspension & traction,5,32.15,160.76,Credit card
1043,2021-06-05,Central,Wholesale,Breaking system,4,13.65,54.6,Transfer
1044,2021-06-05,Central,Retail,Suspension & traction,9,30.9,278.07,Credit card
1045,2021-06-05,North,Retail,Suspension & traction,4,35.44,141.77,Credit card
1046,2021-06-05,West,Retail,Engine,7,63.15,442.04,Credit card
1047,2021-06-06,North,Wholesale,Suspension & traction,32,34.82,1114.13,Transfer
1048,2021-06-06,Central,Retail,Suspension & traction,4,35.36,141.46,Credit card
1049,2021-06-06,Central,Wholesale,Engine,36,63.41,2282.82,Transfer
1050,2021-06-06,West,Retail,Miscellaneous,10,28.25,282.47,Credit card
1051,2021-06-06,North,Retail,Frame & body,1,35.89,35.89,Credit card
1052,2021-06-06,North,Retail,Breaking system,5,15.16,75.78,Credit card
1053,2021-06-06,Central,Retail,Breaking system,4,21.95,87.79,Credit card
1054,2021-06-06,North,Retail,Breaking system,7,15.43,108,Credit card
1055,2021-06-06,North,Retail,Frame & body,4,44.1,176.39,Credit card
1056,2021-06-07,Central,Wholesale,Frame & body,4,44.69,178.75,Transfer
1057,2021-06-07,West,Retail,Miscellaneous,3,17.87,53.61,Cash
1058,2021-06-07,North,Retail,Frame & body,9,43.49,391.42,Credit card
1059,2021-06-07,Central,Retail,Miscellaneous,4,28.19,112.76,Credit card
1060,2021-06-07,Central,Retail,Breaking system,7,16.33,114.3,Credit card
1061,2021-06-07,Central,Wholesale,Suspension & traction,40,28.64,1145.47,Transfer
1062,2021-06-07,Central,Retail,Breaking system,6,24.6,147.61,Credit card
1063,2021-06-07,North,Retail,Suspension & traction,9,28.59,257.31,Credit card
1064,2021-06-07,North,Retail,Electrical system,4,29.62,118.48,Credit card
1065,2021-06-08,North,Retail,Frame & body,5,39.52,197.62,Cash
1066,2021-06-08,West,Retail,Breaking system,1,10.46,10.46,Credit card
1067,2021-06-08,Central,Retail,Breaking system,10,19.21,192.05,Cash
1068,2021-06-08,Central,Wholesale,Frame & body,8,44.14,353.11,Transfer
1069,2021-06-08,Central,Retail,Miscellaneous,8,24.76,198.05,Credit card
1070,2021-06-08,Central,Wholesale,Breaking system,40,20.77,830.67,Transfer
1071,2021-06-08,West,Retail,Breaking system,9,13.62,122.6,Credit card
1072,2021-06-08,West,Retail,Suspension & traction,4,32.56,130.25,Credit card
1073,2021-06-08,North,Retail,Electrical system,4,25.04,100.15,Credit card
1074,2021-06-08,Central,Wholesale,Miscellaneous,40,18.87,754.73,Transfer
1075,2021-06-08,Central,Retail,Suspension & traction,2,33.18,66.37,Credit card
1076,2021-06-08,West,Wholesale,Suspension & traction,12,34.26,411.14,Transfer
1077,2021-06-08,West,Wholesale,Miscellaneous,12,17.39,208.62,Transfer
1078,2021-06-08,North,Retail,Electrical system,3,29.93,89.8,Credit card
1079,2021-06-08,North,Retail,Frame & body,2,35.46,70.92,Credit card
1080,2021-06-08,Central,Retail,Frame & body,3,41.42,124.25,Credit card
1081,2021-06-08,West,Wholesale,Breaking system,36,20.48,737.28,Transfer
1082,2021-06-08,West,Wholesale,Breaking system,28,16.98,475.49,Transfer
1083,2021-06-09,Central,Wholesale,Breaking system,36,16.51,594.24,Transfer
1084,2021-06-09,West,Retail,Frame & body,10,49.24,492.4,Credit card
1085,2021-06-09,Central,Retail,Frame & body,8,35.31,282.47,Credit card
1086,2021-06-09,Central,Retail,Breaking system,6,16.55,99.32,Credit card
1087,2021-06-09,North,Retail,Breaking system,5,14.76,73.78,Credit card
1088,2021-06-09,West,Retail,Electrical system,7,32.73,229.1,Cash
1089,2021-06-09,Central,Retail,Suspension & traction,10,27.63,276.33,Credit card
1090,2021-06-09,Central,Wholesale,Suspension & traction,12,28.65,343.8,Transfer
1091,2021-06-10,Central,Retail,Electrical system,4,18.96,75.85,Credit card
1092,2021-06-10,Central,Retail,Frame & body,8,47.3,378.37,Credit card
1093,2021-06-10,North,Retail,Engine,2,56.04,112.09,Credit card
1094,2021-06-10,Central,Retail,Electrical system,5,29.13,145.66,Credit card
1095,2021-06-10,West,Wholesale,Miscellaneous,36,21.75,782.94,Transfer
1096,2021-06-10,West,Retail,Frame & body,7,47.19,330.33,Credit card
1097,2021-06-10,North,Retail,Suspension & traction,6,38.06,228.38,Cash
1098,2021-06-10,Central,Retail,Breaking system,7,21.64,151.5,Credit card
1099,2021-06-10,North,Wholesale,Frame & body,28,37,1035.91,Transfer
1100,2021-06-11,North,Retail,Miscellaneous,9,17.49,157.41,Cash
1101,2021-06-11,North,Retail,Breaking system,1,23.28,23.28,Credit card
1102,2021-06-11,Central,Wholesale,Breaking system,28,14.46,404.93,Transfer
1103,2021-06-11,North,Retail,Breaking system,5,10.63,53.16,Credit card
1104,2021-06-11,North,Retail,Suspension & traction,6,41.09,246.52,Credit card
1105,2021-06-11,North,Wholesale,Miscellaneous,24,21.42,514,Transfer
1106,2021-06-11,North,Retail,Frame & body,4,47.06,188.22,Credit card
1107,2021-06-11,West,Retail,Frame & body,2,47.86,95.72,Credit card
1108,2021-06-12,North,Retail,Breaking system,10,13.24,132.37,Credit card
1109,2021-06-12,West,Wholesale,Frame & body,28,42.85,1199.89,Transfer
1110,2021-06-12,Central,Retail,Electrical system,2,26.2,52.41,Credit card
1111,2021-06-12,Central,Retail,Suspension & traction,7,33.51,234.58,Credit card
1112,2021-06-12,Central,Retail,Electrical system,1,21.18,21.18,Cash
1113,2021-06-12,Central,Retail,Frame & body,6,37.17,223.01,Credit card
1114,2021-06-12,North,Retail,Breaking system,9,11.67,105.02,Credit card
1115,2021-06-12,North,Retail,Suspension & traction,10,39.78,397.78,Credit card
1116,2021-06-12,Central,Retail,Breaking system,10,22.21,222.08,Credit card
1117,2021-06-12,Central,Retail,Suspension & traction,10,41.25,412.5,Credit card
1118,2021-06-12,Central,Retail,Electrical system,8,31.93,255.41,Credit card
1119,2021-06-13,North,Retail,Electrical system,9,23.27,209.43,Credit card
1120,2021-06-13,North,Retail,Frame & body,7,40.93,286.51,Credit card
1121,2021-06-13,Central,Retail,Frame & body,6,45.43,272.6,Credit card
1122,2021-06-13,North,Retail,Suspension & traction,3,38.5,115.5,Credit card
1123,2021-06-13,Central,Retail,Electrical system,10,23.61,236.08,Cash
1124,2021-06-13,Central,Wholesale,Breaking system,8,18.31,146.48,Transfer
1125,2021-06-13,West,Retail,Miscellaneous,4,16.84,67.36,Credit card
1126,2021-06-13,Central,Retail,Miscellaneous,2,25.4,50.8,Credit card
1127,2021-06-13,Central,Retail,Breaking system,1,20.72,20.72,Credit card
1128,2021-06-13,North,Retail,Suspension & traction,6,28.91,173.46,Cash
1129,2021-06-14,Central,Retail,Miscellaneous,1,27.47,27.47,Credit card
1130,2021-06-14,North,Retail,Breaking system,10,17.67,176.73,Credit card
1131,2021-06-14,Central,Retail,Electrical system,7,26.9,188.31,Credit card
1132,2021-06-14,Central,Retail,Frame & body,1,39.14,39.14,Credit card
1133,2021-06-14,Central,Retail,Miscellaneous,5,29.95,149.74,Credit card
1134,2021-06-14,Central,Retail,Miscellaneous,7,25.51,178.57,Credit card
1135,2021-06-14,Central,Retail,Electrical system,1,19.62,19.62,Credit card
1136,2021-06-14,West,Retail,Miscellaneous,4,18.63,74.51,Credit card
1137,2021-06-14,North,Wholesale,Breaking system,20,24.45,489,Transfer
1138,2021-06-14,Central,Wholesale,Electrical system,12,26.74,320.94,Transfer
1139,2021-06-14,Central,Retail,Breaking system,4,11.35,45.39,Credit card
1140,2021-06-14,West,Retail,Suspension & traction,9,32.47,292.26,Credit card
1141,2021-06-14,Central,Retail,Engine,7,58.86,412.06,Credit card
1142,2021-06-15,Central,Wholesale,Engine,28,63.54,1779.07,Transfer
1143,2021-06-15,Central,Retail,Suspension & traction,10,41.23,412.28,Credit card
1144,2021-06-15,North,Retail,Frame & body,7,36.52,255.62,Credit card
1145,2021-06-15,Central,Retail,Breaking system,2,20.59,41.17,Credit card
1146,2021-06-15,Central,Retail,Electrical system,5,29.28,146.38,Credit card
1147,2021-06-15,Central,Wholesale,Frame & body,24,48.95,1174.88,Transfer
1148,2021-06-15,North,Retail,Electrical system,9,26.81,241.32,Credit card
1149,2021-06-15,North,Wholesale,Suspension & traction,36,39.87,1435.26,Transfer
1150,2021-06-15,Central,Retail,Engine,10,61.08,610.78,Credit card
1151,2021-06-15,North,Retail,Suspension & traction,6,26.9,161.43,Credit card
1152,2021-06-15,West,Retail,Miscellaneous,5,16.24,81.2,Credit card
1153,2021-06-15,North,Retail,Breaking system,2,22.3,44.59,Credit card
1154,2021-06-15,West,Retail,Suspension & traction,10,34.31,343.12,Credit card
1155,2021-06-16,North,Wholesale,Suspension & traction,40,35.59,1423.73,Transfer
1156,2021-06-16,Central,Retail,Suspension & traction,10,40.93,409.3,Credit card
1157,2021-06-16,Central,Retail,Miscellaneous,9,28.88,259.89,Credit card
1158,2021-06-16,North,Retail,Frame & body,2,48.86,97.73,Credit card
1159,2021-06-16,Central,Retail,Frame & body,7,48.46,339.2,Credit card
1160,2021-06-16,Central,Retail,Frame & body,2,35.92,71.83,Credit card
1161,2021-06-16,Central,Retail,Breaking system,4,14.87,59.47,Credit card
1162,2021-06-16,Central,Retail,Frame & body,7,36.19,253.33,Cash
1163,2021-06-16,Central,Retail,Miscellaneous,9,22.1,198.9,Credit card
1164,2021-06-16,Central,Wholesale,Breaking system,4,16.89,67.57,Transfer
1165,2021-06-17,Central,Retail,Suspension & traction,7,40.76,285.36,Credit card
1166,2021-06-17,Central,Retail,Frame & body,2,40.1,80.21,Credit card
1167,2021-06-17,North,Retail,Miscellaneous,10,26.87,268.68,Cash
1168,2021-06-17,Central,Wholesale,Frame & body,20,45.32,906.4,Transfer
1169,2021-06-17,Central,Wholesale,Electrical system,8,27.14,217.09,Transfer
1170,2021-06-17,Central,Wholesale,Miscellaneous,8,22.98,183.85,Transfer
1171,2021-06-17,North,Retail,Frame & body,3,37.62,112.85,Credit card
1172,2021-06-17,North,Retail,Frame & body,7,43.15,302.06,Cash
1173,2021-06-17,North,Retail,Suspension & traction,6,28.59,171.52,Credit card
1174,2021-06-17,Central,Wholesale,Miscellaneous,8,24.28,194.2,Transfer
1175,2021-06-17,Central,Wholesale,Suspension & traction,4,39.45,157.81,Transfer
1176,2021-06-18,North,Wholesale,Frame & body,24,48.18,1156.24,Transfer
1177,2021-06-18,Central,Wholesale,Frame & body,36,48.44,1743.78,Transfer
1178,2021-06-18,West,Retail,Electrical system,1,23.24,23.24,Credit card
1179,2021-06-18,North,Wholesale,Breaking system,12,23.02,276.3,Transfer
1180,2021-06-18,Central,Wholesale,Breaking system,24,11.25,269.92,Transfer
1181,2021-06-18,North,Retail,Suspension & traction,5,29.38,146.93,Credit card
1182,2021-06-18,North,Retail,Suspension & traction,9,28.23,254.04,Credit card
1183,2021-06-18,Central,Retail,Miscellaneous,8,16.63,133.05,Credit card
1184,2021-06-18,Central,Retail,Breaking system,7,18.46,129.2,Credit card
1185,2021-06-19,North,Wholesale,Frame & body,16,44.54,712.69,Transfer
1186,2021-06-19,North,Retail,Breaking system,6,24.85,149.1,Credit card
1187,2021-06-19,North,Retail,Suspension & traction,10,32.61,326.13,Credit card
1188,2021-06-19,North,Retail,Miscellaneous,8,18.98,151.84,Credit card
1189,2021-06-19,North,Retail,Frame & body,10,44.03,440.32,Cash
1190,2021-06-19,Central,Retail,Suspension & traction,6,33.82,202.89,Credit card
1191,2021-06-19,North,Retail,Suspension & traction,9,34.68,312.1,Credit card
1192,2021-06-19,Central,Retail,Frame & body,3,43.84,131.53,Credit card
1193,2021-06-19,Central,Retail,Electrical system,8,18.68,149.47,Credit card
1194,2021-06-19,North,Retail,Miscellaneous,6,21.88,131.28,Credit card
1195,2021-06-19,West,Retail,Frame & body,1,46.82,46.82,Credit card
1196,2021-06-19,West,Retail,Suspension & traction,4,34.35,137.42,Credit card
1197,2021-06-19,West,Retail,Miscellaneous,8,20.53,164.24,Credit card
1198,2021-06-19,North,Wholesale,Suspension & traction,12,26.99,323.88,Transfer
1199,2021-06-19,West,Retail,Breaking system,4,18.26,73.06,Credit card
1200,2021-06-19,West,Wholesale,Suspension & traction,4,39.77,159.07,Transfer
1201,2021-06-20,West,Retail,Electrical system,7,27.35,191.43,Credit card
1202,2021-06-20,Central,Retail,Suspension & traction,3,31.25,93.74,Credit card
1203,2021-06-20,Central,Wholesale,Frame & body,16,47.16,754.48,Transfer
1204,2021-06-20,West,Retail,Breaking system,8,10.94,87.49,Credit card
1205,2021-06-20,North,Wholesale,Breaking system,32,18.98,607.36,Transfer
1206,2021-06-20,North,Retail,Suspension & traction,10,37.06,370.58,Credit card
1207,2021-06-20,West,Wholesale,Suspension & traction,32,39.88,1276,Transfer
1208,2021-06-20,North,Wholesale,Electrical system,16,25.92,414.67,Transfer
1209,2021-06-20,Central,Retail,Suspension & traction,2,33.91,67.81,Credit card
1210,2021-06-20,North,Retail,Frame & body,2,48.86,97.71,Cash
1211,2021-06-21,North,Retail,Miscellaneous,3,22.45,67.34,Credit card
1212,2021-06-21,North,Retail,Electrical system,7,25.53,178.7,Cash
1213,2021-06-21,West,Retail,Engine,6,66.53,399.19,Cash
1214,2021-06-21,North,Retail,Suspension & traction,6,37.99,227.95,Credit card
1215,2021-06-21,North,Wholesale,Breaking system,8,14.39,115.15,Transfer
1216,2021-06-21,Central,Retail,Frame & body,1,49.69,49.69,Credit card
1217,2021-06-21,West,Wholesale,Miscellaneous,4,24.83,99.32,Transfer
1218,2021-06-21,North,Retail,Suspension & traction,6,37.2,223.22,Credit card
1219,2021-06-22,North,Retail,Suspension & traction,3,30.11,90.34,Credit card
1220,2021-06-22,North,Retail,Suspension & traction,9,37.44,337,Credit card
1221,2021-06-22,Central,Retail,Suspension & traction,5,31.56,157.82,Credit card
1222,2021-06-22,Central,Retail,Engine,6,59.3,355.81,Cash
1223,2021-06-22,Central,Wholesale,Engine,4,63.58,254.34,Transfer
1224,2021-06-22,Central,Retail,Engine,5,53.4,266.98,Credit card
1225,2021-06-22,Central,Retail,Breaking system,5,13.14,65.72,Credit card
1226,2021-06-23,North,Retail,Miscellaneous,9,21.27,191.44,Credit card
1227,2021-06-23,West,Retail,Electrical system,7,33.33,233.29,Credit card
1228,2021-06-23,Central,Retail,Electrical system,5,18.5,92.49,Credit card
1229,2021-06-23,North,Retail,Suspension & traction,6,36.01,216.06,Credit card
1230,2021-06-23,North,Retail,Engine,5,65.99,329.96,Cash
1231,2021-06-23,North,Retail,Breaking system,1,13.44,13.44,Credit card
1232,2021-06-23,West,Retail,Electrical system,3,30.68,92.02,Credit card
1233,2021-06-23,North,Retail,Miscellaneous,6,29.76,178.53,Credit card
1234,2021-06-23,West,Wholesale,Suspension & traction,16,32.9,526.35,Transfer
1235,2021-06-23,West,Retail,Frame & body,10,48.3,483,Cash
1236,2021-06-23,West,Retail,Breaking system,8,11.54,92.33,Credit card
1237,2021-06-23,Central,Wholesale,Breaking system,32,14.74,471.84,Transfer
1238,2021-06-23,North,Retail,Engine,4,59.69,238.77,Credit card
1239,2021-06-23,Central,Retail,Suspension & traction,6,38.96,233.77,Cash
1240,2021-06-23,North,Retail,Breaking system,5,11.32,56.62,Cash
1241,2021-06-23,Central,Retail,Electrical system,1,30.51,30.51,Credit card
1242,2021-06-23,Central,Retail,Breaking system,7,15.91,111.35,Credit card
1243,2021-06-24,North,Retail,Breaking system,8,22.78,182.24,Credit card
1244,2021-06-24,Central,Retail,Frame & body,6,37.18,223.08,Credit card
1245,2021-06-24,West,Retail,Suspension & traction,3,39.29,117.86,Cash
1246,2021-06-24,Central,Retail,Electrical system,10,23.38,233.83,Credit card
1247,2021-06-24,North,Retail,Frame & body,10,46.46,464.62,Credit card
1248,2021-06-24,Central,Retail,Electrical system,7,29.31,205.19,Credit card
1249,2021-06-24,Central,Retail,Suspension & traction,5,37.21,186.07,Credit card
1250,2021-06-24,Central,Retail,Frame & body,10,46.1,461,Credit card
1251,2021-06-24,West,Retail,Suspension & traction,1,35.15,35.15,Cash
1252,2021-06-24,Central,Retail,Breaking system,3,23.87,71.61,Credit card
1253,2021-06-24,North,Wholesale,Electrical system,32,24.77,792.64,Transfer
1254,2021-06-24,North,Retail,Electrical system,8,18.43,147.41,Credit card
1255,2021-06-24,North,Retail,Electrical system,5,29.58,147.92,Credit card
1256,2021-06-25,Central,Retail,Breaking system,2,18.49,36.99,Credit card
1257,2021-06-25,Central,Retail,Miscellaneous,7,21.42,149.93,Cash
1258,2021-06-25,Central,Retail,Electrical system,4,25.19,100.75,Credit card
1259,2021-06-25,North,Wholesale,Frame & body,16,40.01,640.13,Transfer
1260,2021-06-25,North,Retail,Suspension & traction,4,35,140.01,Cash
1261,2021-06-25,Central,Retail,Frame & body,2,36.98,73.96,Credit card
1262,2021-06-25,Central,Retail,Engine,1,66.02,66.02,Credit card
1263,2021-06-25,West,Retail,Breaking system,1,10.9,10.9,Credit card
1264,2021-06-25,Central,Retail,Miscellaneous,5,28.06,140.3,Credit card
1265,2021-06-25,North,Retail,Breaking system,1,20.68,20.68,Cash
1266,2021-06-25,Central,Retail,Breaking system,7,14.94,104.56,Cash
1267,2021-06-25,West,Retail,Breaking system,3,22.48,67.44,Credit card
1268,2021-06-25,Central,Retail,Electrical system,10,31.75,317.5,Credit card
1269,2021-06-25,West,Retail,Frame & body,9,45.03,405.28,Cash
1270,2021-06-25,West,Retail,Engine,8,55.72,445.75,Credit card
1271,2021-06-25,North,Retail,Suspension & traction,9,29.37,264.34,Credit card
1272,2021-06-25,North,Wholesale,Suspension & traction,12,33.88,406.6,Transfer
1273,2021-06-26,West,Retail,Breaking system,1,19.16,19.16,Credit card
1274,2021-06-26,North,Retail,Breaking system,1,11.89,11.89,Credit card
1275,2021-06-26,North,Retail,Breaking system,1,10.35,10.35,Credit card
1276,2021-06-26,Central,Wholesale,Miscellaneous,8,26.48,211.84,Transfer
1277,2021-06-26,Central,Retail,Frame & body,5,41.92,209.62,Credit card
1278,2021-06-26,Central,Retail,Breaking system,2,13.89,27.78,Credit card
1279,2021-06-26,Central,Retail,Breaking system,3,24.45,73.34,Credit card
1280,2021-06-26,North,Retail,Electrical system,7,25.28,176.97,Cash
1281,2021-06-26,Central,Wholesale,Electrical system,36,28.23,1016.22,Transfer
1282,2021-06-26,Central,Retail,Suspension & traction,4,29.26,117.03,Credit card
1283,2021-06-26,West,Retail,Breaking system,5,14.48,72.38,Credit card
1284,2021-06-26,Central,Retail,Electrical system,7,31.18,218.26,Credit card
1285,2021-06-26,Central,Retail,Breaking system,2,21.9,43.79,Credit card
1286,2021-06-26,Central,Wholesale,Miscellaneous,20,26.68,533.5,Transfer
1287,2021-06-26,Central,Retail,Breaking system,10,14.66,146.58,Credit card
1288,2021-06-26,West,Retail,Frame & body,10,40.81,408.1,Cash
1289,2021-06-26,Central,Retail,Electrical system,3,22.3,66.9,Credit card
1290,2021-06-27,Central,Wholesale,Breaking system,36,17.34,624.42,Transfer
1291,2021-06-27,North,Retail,Engine,8,59.7,477.63,Credit card
1292,2021-06-27,Central,Wholesale,Electrical system,40,24.43,977.13,Transfer
1293,2021-06-27,Central,Retail,Engine,4,66.03,264.11,Credit card
1294,2021-06-27,West,Retail,Miscellaneous,6,28.37,170.24,Credit card
1295,2021-06-27,North,Retail,Electrical system,1,28.88,28.88,Credit card
1296,2021-06-27,North,Retail,Frame & body,5,38.71,193.54,Cash
1297,2021-06-27,Central,Retail,Suspension & traction,10,33.17,331.68,Credit card
1298,2021-06-27,North,Retail,Breaking system,7,17.38,121.66,Credit card
1299,2021-06-27,North,Retail,Miscellaneous,6,26.95,161.71,Credit card
1300,2021-06-27,West,Retail,Suspension & traction,7,29.04,203.28,Credit card
1301,2021-06-27,Central,Retail,Frame & body,10,35.73,357.27,Credit card
1302,2021-06-27,North,Retail,Suspension & traction,2,27,54.01,Credit card
1303,2021-06-27,West,Retail,Suspension & traction,2,36.57,73.13,Credit card
1304,2021-06-28,North,Retail,Miscellaneous,7,15.26,106.79,Credit card
1305,2021-06-28,West,Retail,Electrical system,6,19.79,118.77,Credit card
1306,2021-06-28,Central,Retail,Breaking system,5,12.3,61.52,Cash
1307,2021-06-28,Central,Retail,Frame & body,9,46.34,417.1,Credit card
1308,2021-06-28,West,Retail,Frame & body,8,46.83,374.63,Credit card
1309,2021-06-28,Central,Retail,Engine,8,62.56,500.49,Credit card
1310,2021-06-28,Central,Retail,Engine,1,53.19,53.19,Credit card
1311,2021-06-28,Central,Retail,Electrical system,8,33.19,265.55,Credit card
1312,2021-06-28,Central,Wholesale,Electrical system,12,31.13,373.6,Transfer
1313,2021-06-28,Central,Retail,Suspension & traction,4,36.64,146.54,Cash
1314,2021-06-28,North,Retail,Suspension & traction,8,29.03,232.24,Credit card
1315,2021-06-28,Central,Wholesale,Suspension & traction,40,28.57,1142.87,Transfer
1316,2021-06-28,Central,Retail,Electrical system,5,19.57,97.84,Credit card
1317,2021-06-28,Central,Wholesale,Engine,36,62.02,2232.66,Transfer
1318,2021-06-29,North,Retail,Frame & body,4,37,148.01,Credit card
1319,2021-06-29,Central,Wholesale,Breaking system,16,13.77,220.32,Transfer
1320,2021-06-29,Central,Retail,Engine,1,56.72,56.72,Credit card
1321,2021-06-29,West,Retail,Breaking system,6,15.35,92.08,Credit card
1322,2021-06-29,West,Retail,Electrical system,10,26.46,264.6,Credit card
1323,2021-06-29,Central,Retail,Frame & body,10,37.78,377.78,Credit card
1324,2021-06-29,North,Retail,Breaking system,9,22.21,199.86,Credit card
1325,2021-06-29,Central,Retail,Miscellaneous,6,27.34,164.05,Credit card
1326,2021-06-29,West,Retail,Frame & body,6,36.52,219.15,Credit card
1327,2021-06-29,North,Wholesale,Frame & body,20,37.99,759.77,Transfer
1328,2021-06-29,North,Wholesale,Suspension & traction,20,39.56,791.23,Transfer
1329,2021-06-29,North,Retail,Electrical system,1,23.1,23.1,Credit card
1330,2021-06-30,Central,Retail,Suspension & traction,8,32.07,256.56,Credit card
1331,2021-06-30,West,Retail,Frame & body,1,37.06,37.06,Credit card
1332,2021-06-30,Central,Retail,Electrical system,4,20.61,82.43,Credit card
1333,2021-06-30,North,Wholesale,Suspension & traction,12,40.63,487.56,Transfer
1334,2021-06-30,West,Wholesale,Miscellaneous,40,29.75,1190.13,Transfer
1335,2021-06-30,Central,Retail,Suspension & traction,1,28.83,28.83,Credit card
1336,2021-06-30,West,Retail,Miscellaneous,5,29.5,147.52,Credit card
1337,2021-06-30,Central,Wholesale,Suspension & traction,20,26.76,535.1,Transfer
1338,2021-06-30,West,Retail,Frame & body,2,46.07,92.13,Cash
1339,2021-07-01,Central,Retail,Breaking system,10,18.7,186.97,Credit card
1340,2021-07-01,West,Wholesale,Suspension & traction,16,31.18,498.83,Transfer
1341,2021-07-01,Central,Retail,Suspension & traction,6,32.56,195.35,Credit card
1342,2021-07-01,West,Wholesale,Breaking system,32,24.78,793.07,Transfer
1343,2021-07-01,West,Retail,Frame & body,9,37.29,335.62,Credit card
1344,2021-07-01,Central,Retail,Breaking system,2,19.85,39.69,Cash
1345,2021-07-01,North,Retail,Suspension & traction,1,36.06,36.06,Credit card
1346,2021-07-01,Central,Retail,Electrical system,10,28.69,286.88,Credit card
1347,2021-07-01,Central,Retail,Electrical system,4,23.83,95.33,Credit card
1348,2021-07-01,Central,Retail,Frame & body,1,45.97,45.97,Credit card
1349,2021-07-01,North,Wholesale,Suspension & traction,16,28.46,455.39,Transfer
1350,2021-07-01,Central,Retail,Frame & body,6,46.66,279.93,Credit card
1351,2021-07-01,North,Retail,Breaking system,8,16.89,135.12,Cash
1352,2021-07-01,Central,Wholesale,Electrical system,36,31.31,1127.22,Transfer
1353,2021-07-02,Central,Retail,Suspension & traction,9,28.84,259.6,Credit card
1354,2021-07-02,West,Wholesale,Suspension & traction,36,38.47,1384.74,Transfer
1355,2021-07-02,West,Retail,Breaking system,6,22.91,137.48,Credit card
1356,2021-07-02,North,Wholesale,Frame & body,28,44.92,1257.76,Transfer
1357,2021-07-02,North,Retail,Miscellaneous,5,15.7,78.53,Credit card
1358,2021-07-02,North,Wholesale,Engine,16,62.95,1007.15,Transfer
1359,2021-07-03,West,Retail,Miscellaneous,8,24.33,194.63,Credit card
1360,2021-07-03,Central,Retail,Breaking system,7,12.59,88.15,Credit card
1361,2021-07-03,North,Wholesale,Breaking system,40,15.52,620.87,Transfer
1362,2021-07-03,West,Retail,Electrical system,6,22.58,135.49,Credit card
1363,2021-07-03,West,Retail,Miscellaneous,1,19.74,19.74,Credit card
1364,2021-07-03,Central,Retail,Electrical system,7,21.04,147.3,Cash
1365,2021-07-03,Central,Wholesale,Breaking system,8,22.22,177.8,Transfer
1366,2021-07-03,North,Wholesale,Frame & body,32,41.92,1341.44,Transfer
1367,2021-07-03,North,Retail,Miscellaneous,10,15.16,151.6,Cash
1368,2021-07-03,Central,Wholesale,Breaking system,36,16.09,579.3,Transfer
1369,2021-07-03,West,Retail,Breaking system,4,24.24,96.95,Cash
1370,2021-07-03,North,Retail,Engine,1,53.06,53.06,Credit card
1371,2021-07-03,Central,Wholesale,Suspension & traction,8,34.35,274.81,Transfer
1372,2021-07-03,Central,Retail,Suspension & traction,8,40.65,325.16,Credit card
1373,2021-07-04,Central,Retail,Breaking system,1,17.3,17.3,Credit card
1374,2021-07-04,North,Retail,Breaking system,10,19.58,195.75,Cash
1375,2021-07-04,Central,Wholesale,Miscellaneous,28,28.57,799.87,Transfer
1376,2021-07-04,North,Retail,Miscellaneous,5,17.88,89.4,Credit card
1377,2021-07-04,Central,Wholesale,Frame & body,4,45.66,182.65,Transfer
1378,2021-07-04,Central,Retail,Frame & body,3,40.49,121.48,Credit card
1379,2021-07-04,North,Retail,Suspension & traction,10,37.13,371.3,Credit card
1380,2021-07-04,Central,Retail,Frame & body,9,42.51,382.6,Credit card
1381,2021-07-04,West,Retail,Frame & body,10,41.56,415.55,Credit card
1382,2021-07-04,Central,Retail,Miscellaneous,5,21.19,105.97,Credit card
1383,2021-07-04,West,Retail,Frame & body,4,45.66,182.63,Cash
1384,2021-07-04,Central,Retail,Miscellaneous,5,20.09,100.43,Credit card
1385,2021-07-04,North,Retail,Suspension & traction,7,40.81,285.69,Credit card
1386,2021-07-04,North,Retail,Breaking system,5,21.17,105.85,Credit card
1387,2021-07-05,Central,Retail,Miscellaneous,1,24.63,24.63,Cash
1388,2021-07-05,North,Wholesale,Electrical system,28,20.87,584.36,Transfer
1389,2021-07-05,Central,Retail,Suspension & traction,9,37.95,341.52,Credit card
1390,2021-07-05,North,Retail,Breaking system,4,16.44,65.75,Credit card
1391,2021-07-05,Central,Retail,Breaking system,4,12.22,48.89,Credit card
1392,2021-07-05,North,Retail,Electrical system,7,29.1,203.68,Credit card
1393,2021-07-05,North,Retail,Frame & body,5,40.51,202.55,Credit card
1394,2021-07-05,West,Retail,Electrical system,9,18.97,170.77,Credit card
1395,2021-07-05,Central,Retail,Breaking system,2,20.34,40.68,Credit card
1396,2021-07-05,North,Wholesale,Suspension & traction,4,36.99,147.97,Transfer
1397,2021-07-05,West,Wholesale,Suspension & traction,4,27.33,109.32,Transfer
1398,2021-07-06,West,Retail,Electrical system,10,28.1,281,Credit card
1399,2021-07-06,North,Wholesale,Suspension & traction,8,28.48,227.85,Transfer
1400,2021-07-06,Central,Retail,Breaking system,2,19.89,39.78,Cash
1401,2021-07-06,North,Retail,Breaking system,1,13.44,13.44,Credit card
1402,2021-07-06,North,Retail,Miscellaneous,1,27.98,27.98,Credit card
1403,2021-07-06,West,Retail,Engine,3,66.37,199.1,Credit card
1404,2021-07-06,North,Retail,Frame & body,3,45.87,137.6,Cash
1405,2021-07-06,Central,Retail,Frame & body,2,36.08,72.16,Credit card
1406,2021-07-06,North,Retail,Suspension & traction,6,29.32,175.91,Credit card
1407,2021-07-06,Central,Retail,Miscellaneous,6,21.21,127.27,Credit card
1408,2021-07-06,Central,Wholesale,Breaking system,36,15.47,556.92,Transfer
1409,2021-07-06,Central,Retail,Engine,9,59.71,537.36,Credit card
1410,2021-07-07,Central,Wholesale,Suspension & traction,24,33.41,801.8,Transfer
1411,2021-07-07,Central,Retail,Electrical system,8,21.42,171.33,Credit card
1412,2021-07-07,Central,Wholesale,Breaking system,16,10.75,171.95,Transfer
1413,2021-07-07,West,Retail,Miscellaneous,1,22.07,22.07,Credit card
1414,2021-07-07,Central,Retail,Miscellaneous,9,16.67,150.01,Credit card
1415,2021-07-07,Central,Retail,Breaking system,4,24.5,97.99,Credit card
1416,2021-07-07,North,Retail,Engine,5,55.95,279.73,Credit card
1417,2021-07-07,Central,Wholesale,Electrical system,40,20.98,839.33,Transfer
1418,2021-07-07,North,Wholesale,Suspension & traction,24,31.24,749.76,Transfer
1419,2021-07-07,Central,Retail,Electrical system,10,20.49,204.92,Cash
1420,2021-07-07,Central,Retail,Suspension & traction,5,30.97,154.84,Credit card
1421,2021-07-07,Central,Retail,Breaking system,4,24.9,99.61,Credit card
1422,2021-07-07,West,Retail,Electrical system,1,31.62,31.62,Credit card
1423,2021-07-08,North,Retail,Frame & body,1,40.93,40.93,Credit card
1424,2021-07-08,Central,Retail,Electrical system,6,24.34,146.02,Credit card
1425,2021-07-08,Central,Retail,Breaking system,6,15.58,93.46,Credit card
1426,2021-07-08,Central,Retail,Miscellaneous,6,16.08,96.48,Credit card
1427,2021-07-08,Central,Retail,Electrical system,8,26.32,210.55,Credit card
1428,2021-07-08,Central,Retail,Breaking system,5,18.95,94.76,Credit card
1429,2021-07-08,North,Retail,Suspension & traction,8,40.52,324.16,Cash
1430,2021-07-08,Central,Retail,Engine,10,59.82,598.25,Cash
1431,2021-07-08,North,Retail,Engine,8,64.93,519.47,Credit card
1432,2021-07-08,Central,Wholesale,Electrical system,16,27.66,442.51,Transfer
1433,2021-07-08,Central,Retail,Frame & body,1,35.03,35.03,Credit card
1434,2021-07-08,Central,Retail,Breaking system,2,22.69,45.38,Credit card
1435,2021-07-08,West,Retail,Electrical system,8,23.48,187.81,Credit card
1436,2021-07-08,Central,Retail,Miscellaneous,10,22.39,223.93,Cash
1437,2021-07-08,Central,Retail,Suspension & traction,7,27.78,194.45,Credit card
1438,2021-07-08,Central,Retail,Suspension & traction,9,28.67,258.03,Credit card
1439,2021-07-08,Central,Retail,Breaking system,8,18.4,147.21,Credit card
1440,2021-07-08,North,Retail,Miscellaneous,10,20.53,205.32,Credit card
1441,2021-07-08,North,Retail,Suspension & traction,1,29.83,29.83,Credit card
1442,2021-07-08,Central,Retail,Electrical system,10,29.9,298.98,Credit card
1443,2021-07-09,North,Retail,Breaking system,1,11.62,11.62,Cash
1444,2021-07-09,West,Retail,Frame & body,5,44.16,220.81,Credit card
1445,2021-07-09,Central,Retail,Suspension & traction,6,27.73,166.37,Credit card
1446,2021-07-09,Central,Retail,Suspension & traction,4,30.29,121.17,Cash
1447,2021-07-09,Central,Retail,Electrical system,7,22.86,160.01,Credit card
1448,2021-07-09,Central,Retail,Frame & body,9,48.38,435.42,Credit card
1449,2021-07-09,North,Retail,Frame & body,7,47.72,334.03,Credit card
1450,2021-07-09,Central,Retail,Breaking system,1,13.92,13.92,Cash
1451,2021-07-09,North,Retail,Breaking system,10,24.83,248.3,Credit card
1452,2021-07-09,Central,Retail,Suspension & traction,4,32.74,130.98,Cash
1453,2021-07-09,West,Wholesale,Breaking system,40,24.53,981.4,Transfer
1454,2021-07-09,Central,Retail,Frame & body,6,44.85,269.12,Credit card
1455,2021-07-10,North,Retail,Breaking system,1,13.64,13.64,Credit card
1456,2021-07-10,West,Retail,Engine,10,64.1,641.02,Credit card
1457,2021-07-10,Central,Retail,Breaking system,3,17.88,53.64,Credit card
1458,2021-07-10,Central,Retail,Breaking system,1,11.93,11.93,Credit card
1459,2021-07-10,West,Retail,Suspension & traction,6,27.08,162.45,Credit card
1460,2021-07-10,Central,Retail,Miscellaneous,3,16.85,50.54,Credit card
1461,2021-07-10,Central,Retail,Suspension & traction,6,27.66,165.95,Credit card
1462,2021-07-10,North,Wholesale,Miscellaneous,36,19.17,690.24,Transfer
1463,2021-07-10,Central,Wholesale,Suspension & traction,24,35.98,863.64,Transfer
1464,2021-07-10,West,Retail,Breaking system,7,19.04,133.3,Credit card
1465,2021-07-10,Central,Wholesale,Electrical system,12,30.23,362.8,Transfer
1466,2021-07-10,North,Wholesale,Frame & body,40,37.04,1481.6,Transfer
1467,2021-07-10,Central,Retail,Suspension & traction,4,32.66,130.65,Credit card
1468,2021-07-11,Central,Retail,Electrical system,6,19.82,118.93,Credit card
1469,2021-07-11,North,Retail,Breaking system,7,17.28,120.93,Cash
1470,2021-07-11,North,Retail,Miscellaneous,5,20.76,103.82,Credit card
1471,2021-07-11,West,Wholesale,Breaking system,28,20.56,575.77,Transfer
1472,2021-07-11,West,Retail,Electrical system,2,22.24,44.49,Credit card
1473,2021-07-11,North,Retail,Suspension & traction,1,37.34,37.34,Credit card
1474,2021-07-11,Central,Wholesale,Electrical system,12,24.68,296.18,Transfer
1475,2021-07-11,Central,Retail,Frame & body,4,39.14,156.56,Cash
1476,2021-07-11,North,Wholesale,Breaking system,40,13.36,534.27,Transfer
1477,2021-07-11,Central,Retail,Electrical system,10,29.69,296.88,Credit card
1478,2021-07-11,Central,Wholesale,Suspension & traction,28,31.15,872.25,Transfer
1479,2021-07-12,Central,Retail,Engine,9,64.02,576.14,Credit card
1480,2021-07-12,West,Wholesale,Suspension & traction,20,39.45,788.97,Transfer
1481,2021-07-12,West,Retail,Breaking system,10,18.69,186.87,Cash
1482,2021-07-12,North,Retail,Suspension & traction,3,38.35,115.04,Credit card
1483,2021-07-12,West,Retail,Breaking system,10,23.2,232,Credit card
1484,2021-07-12,Central,Retail,Suspension & traction,3,37.84,113.52,Cash
1485,2021-07-12,North,Retail,Frame & body,4,49.13,196.51,Credit card
1486,2021-07-12,Central,Wholesale,Miscellaneous,40,26.2,1048,Transfer
1487,2021-07-13,North,Retail,Electrical system,5,24.49,122.46,Credit card
1488,2021-07-13,Central,Retail,Breaking system,8,24.14,193.16,Credit card
1489,2021-07-13,North,Retail,Electrical system,6,20.9,125.43,Credit card
1490,2021-07-13,North,Retail,Frame & body,2,45.27,90.54,Credit card
1491,2021-07-13,Central,Retail,Electrical system,1,23.25,23.25,Credit card
1492,2021-07-13,Central,Retail,Miscellaneous,10,27.85,278.5,Credit card
1493,2021-07-13,West,Wholesale,Breaking system,4,17.06,68.23,Transfer
1494,2021-07-13,Central,Wholesale,Suspension & traction,40,35.06,1402.53,Transfer
1495,2021-07-14,Central,Retail,Frame & body,4,36.7,146.79,Credit card
1496,2021-07-14,Central,Retail,Breaking system,7,12.08,84.6,Credit card
1497,2021-07-14,North,Retail,Suspension & traction,4,30.38,121.5,Credit card
1498,2021-07-14,West,Wholesale,Breaking system,8,23.83,190.64,Transfer
1499,2021-07-14,North,Retail,Electrical system,1,29.47,29.47,Cash
1500,2021-07-14,Central,Wholesale,Miscellaneous,8,15.81,126.49,Transfer
1501,2021-07-14,Central,Retail,Frame & body,6,35.62,213.69,Credit card
1502,2021-07-14,Central,Retail,Breaking system,5,13.26,66.3,Credit card
1503,2021-07-15,West,Wholesale,Miscellaneous,8,29.9,239.16,Transfer
1504,2021-07-15,North,Retail,Frame & body,3,40.78,122.32,Credit card
1505,2021-07-15,Central,Wholesale,Frame & body,28,43.35,1213.71,Transfer
1506,2021-07-15,Central,Wholesale,Miscellaneous,40,17.94,717.73,Transfer
1507,2021-07-15,North,Retail,Suspension & traction,8,41.59,332.75,Credit card
1508,2021-07-15,Central,Retail,Electrical system,4,29.29,117.16,Credit card
1509,2021-07-15,West,Retail,Engine,2,59.72,119.44,Credit card
1510,2021-07-15,North,Retail,Electrical system,1,31.88,31.88,Credit card
1511,2021-07-16,West,Retail,Electrical system,8,22.27,178.19,Credit card
1512,2021-07-16,West,Wholesale,Breaking system,12,21.75,260.96,Transfer
1513,2021-07-16,West,Retail,Suspension & traction,1,41.47,41.47,Credit card
1514,2021-07-16,Central,Retail,Miscellaneous,9,26.23,236.1,Credit card
1515,2021-07-16,West,Retail,Electrical system,10,22.13,221.33,Credit card
1516,2021-07-16,North,Retail,Miscellaneous,3,24.52,73.55,Credit card
1517,2021-07-16,Central,Wholesale,Breaking system,40,24.88,995.33,Transfer
1518,2021-07-16,North,Retail,Suspension & traction,8,36.66,293.28,Credit card
1519,2021-07-16,Central,Retail,Suspension & traction,9,39.71,357.38,Credit card
1520,2021-07-16,North,Retail,Breaking system,3,16.99,50.97,Credit card
1521,2021-07-16,North,Retail,Breaking system,3,17.03,51.1,Credit card
1522,2021-07-16,Central,Wholesale,Frame & body,4,48.05,192.21,Transfer
1523,2021-07-16,Central,Retail,Engine,6,59.6,357.59,Credit card
1524,2021-07-16,Central,Wholesale,Electrical system,28,29.48,825.53,Transfer
1525,2021-07-16,Central,Retail,Breaking system,7,20.47,143.31,Credit card
1526,2021-07-16,West,Wholesale,Electrical system,16,28.09,449.47,Transfer
1527,2021-07-16,Central,Retail,Suspension & traction,5,27.96,139.81,Credit card
1528,2021-07-16,West,Retail,Frame & body,3,37.46,112.37,Credit card
1529,2021-07-16,North,Retail,Electrical system,6,19.21,115.26,Credit card
1530,2021-07-17,North,Retail,Miscellaneous,7,17.47,122.29,Credit card
1531,2021-07-17,Central,Retail,Suspension & traction,5,27.01,135.04,Credit card
1532,2021-07-17,Central,Retail,Breaking system,4,18.36,73.45,Credit card
1533,2021-07-17,Central,Retail,Frame & body,10,41.98,419.85,Credit card
1534,2021-07-17,Central,Retail,Breaking system,1,23.56,23.56,Credit card
1535,2021-07-17,West,Retail,Breaking system,7,24.63,172.42,Credit card
1536,2021-07-17,Central,Retail,Breaking system,9,14.42,129.76,Credit card
1537,2021-07-17,West,Retail,Electrical system,6,24.62,147.71,Cash
1538,2021-07-18,West,Wholesale,Miscellaneous,20,25.23,504.63,Transfer
1539,2021-07-18,North,Retail,Suspension & traction,8,39.8,318.39,Credit card
1540,2021-07-18,North,Retail,Breaking system,3,15.9,47.69,Credit card
1541,2021-07-18,North,Retail,Electrical system,5,22.43,112.13,Credit card
1542,2021-07-18,Central,Retail,Suspension & traction,5,26.97,134.84,Credit card
1543,2021-07-18,North,Retail,Frame & body,9,49.68,447.14,Credit card
1544,2021-07-18,North,Wholesale,Breaking system,32,21.83,698.45,Transfer
1545,2021-07-18,North,Retail,Electrical system,3,32.02,96.04,Credit card
1546,2021-07-18,Central,Retail,Electrical system,6,31.24,187.45,Credit card
1547,2021-07-18,West,Retail,Frame & body,7,44.66,312.65,Cash
1548,2021-07-18,Central,Retail,Frame & body,9,41.11,369.99,Credit card
1549,2021-07-18,Central,Retail,Electrical system,8,22.62,180.99,Credit card
1550,2021-07-18,North,Retail,Breaking system,3,13.82,41.45,Cash
1551,2021-07-19,West,Retail,Breaking system,3,23.37,70.11,Cash
1552,2021-07-19,North,Wholesale,Suspension & traction,24,30.74,737.68,Transfer
1553,2021-07-19,North,Wholesale,Breaking system,28,23.06,645.59,Transfer
1554,2021-07-19,Central,Retail,Electrical system,2,19.13,38.25,Credit card
1555,2021-07-19,North,Wholesale,Electrical system,4,27.08,108.32,Transfer
1556,2021-07-19,Central,Wholesale,Electrical system,4,26.82,107.3,Transfer
1557,2021-07-19,Central,Wholesale,Electrical system,16,24.01,384.19,Transfer
1558,2021-07-20,North,Retail,Breaking system,2,24.75,49.49,Credit card
1559,2021-07-20,North,Wholesale,Miscellaneous,36,29.78,1071.96,Transfer
1560,2021-07-20,Central,Retail,Frame & body,7,44.01,308.09,Credit card
1561,2021-07-20,Central,Retail,Suspension & traction,8,36.98,295.85,Cash
1562,2021-07-20,Central,Retail,Suspension & traction,9,37.94,341.44,Credit card
1563,2021-07-20,Central,Retail,Breaking system,4,15.21,60.83,Credit card
1564,2021-07-20,North,Wholesale,Electrical system,36,28.26,1017.48,Transfer
1565,2021-07-20,West,Retail,Engine,8,53.63,429.07,Credit card
1566,2021-07-20,North,Retail,Engine,5,58.46,292.33,Credit card
1567,2021-07-21,Central,Retail,Engine,5,61.11,305.57,Credit card
1568,2021-07-21,Central,Retail,Miscellaneous,4,23.38,93.53,Cash
1569,2021-07-21,West,Wholesale,Suspension & traction,4,39.38,157.51,Transfer
1570,2021-07-21,North,Retail,Miscellaneous,5,28.72,143.58,Credit card
1571,2021-07-21,North,Retail,Suspension & traction,2,31.28,62.56,Credit card
1572,2021-07-21,Central,Wholesale,Frame & body,40,38.66,1546.6,Transfer
1573,2021-07-21,Central,Retail,Miscellaneous,3,22.96,68.87,Credit card
1574,2021-07-21,North,Retail,Engine,10,55.39,553.87,Credit card
1575,2021-07-21,Central,Retail,Miscellaneous,10,19.98,199.83,Credit card
1576,2021-07-21,Central,Wholesale,Breaking system,12,17.47,209.68,Transfer
1577,2021-07-22,West,Retail,Breaking system,1,10.42,10.42,Credit card
1578,2021-07-22,West,Retail,Engine,5,63.94,319.72,Credit card
1579,2021-07-22,West,Retail,Frame & body,2,49.8,99.6,Credit card
1580,2021-07-22,Central,Retail,Breaking system,4,20.64,82.55,Credit card
1581,2021-07-22,North,Retail,Electrical system,3,32.44,97.32,Credit card
1582,2021-07-22,Central,Retail,Engine,3,56.65,169.96,Credit card
1583,2021-07-23,West,Retail,Frame & body,7,49.25,344.74,Credit card
1584,2021-07-23,Central,Retail,Breaking system,5,14.96,74.79,Credit card
1585,2021-07-23,Central,Retail,Suspension & traction,3,36.49,109.48,Credit card
1586,2021-07-23,Central,Retail,Breaking system,9,17.39,156.46,Credit card
1587,2021-07-23,Central,Retail,Breaking system,1,16.24,16.24,Cash
1588,2021-07-23,North,Retail,Suspension & traction,10,27.9,279.03,Credit card
1589,2021-07-23,Central,Retail,Miscellaneous,1,18.4,18.4,Credit card
1590,2021-07-23,Central,Retail,Breaking system,10,11.25,112.48,Credit card
1591,2021-07-23,North,Retail,Suspension & traction,1,35.97,35.97,Credit card
1592,2021-07-23,North,Wholesale,Frame & body,40,37.42,1496.6,Transfer
1593,2021-07-23,Central,Wholesale,Suspension & traction,8,27.12,216.97,Transfer
1594,2021-07-24,Central,Retail,Electrical system,8,19.16,153.28,Credit card
1595,2021-07-24,West,Retail,Miscellaneous,4,26.73,106.91,Cash
1596,2021-07-24,Central,Retail,Electrical system,4,19.66,78.65,Credit card
1597,2021-07-24,West,Retail,Miscellaneous,1,19.32,19.32,Credit card
1598,2021-07-24,Central,Retail,Miscellaneous,3,29.8,89.4,Cash
1599,2021-07-24,Central,Retail,Electrical system,9,29.26,263.38,Credit card
1600,2021-07-24,North,Retail,Miscellaneous,4,25.58,102.31,Credit card
1601,2021-07-24,West,Retail,Frame & body,7,43.06,301.46,Credit card
1602,2021-07-25,Central,Retail,Frame & body,6,42.99,257.95,Credit card
1603,2021-07-25,North,Retail,Suspension & traction,10,31.71,317.1,Credit card
1604,2021-07-25,West,Retail,Electrical system,5,18.36,91.8,Cash
1605,2021-07-25,Central,Retail,Breaking system,2,22.3,44.59,Credit card
1606,2021-07-25,Central,Retail,Electrical system,10,20.79,207.9,Credit card
1607,2021-07-25,North,Wholesale,Suspension & traction,8,32.95,263.57,Transfer
1608,2021-07-25,Central,Retail,Miscellaneous,8,17.74,141.91,Cash
1609,2021-07-25,Central,Retail,Suspension & traction,10,37.26,372.6,Credit card
1610,2021-07-25,Central,Retail,Suspension & traction,6,34.29,205.73,Credit card
1611,2021-07-26,West,Retail,Electrical system,5,31.01,155.03,Credit card
1612,2021-07-26,Central,Retail,Breaking system,5,24.02,120.11,Credit card
1613,2021-07-26,North,Retail,Miscellaneous,3,29.93,89.8,Credit card
1614,2021-07-26,Central,Retail,Miscellaneous,4,23.81,95.23,Credit card
1615,2021-07-26,Central,Retail,Suspension & traction,1,31.62,31.62,Credit card
1616,2021-07-26,North,Retail,Electrical system,6,28.14,168.84,Credit card
1617,2021-07-26,North,Retail,Frame & body,5,48.57,242.84,Credit card
1618,2021-07-26,North,Retail,Frame & body,1,43.95,43.95,Credit card
1619,2021-07-26,North,Retail,Breaking system,4,20.51,82.03,Credit card
1620,2021-07-26,Central,Retail,Suspension & traction,5,38.67,193.37,Credit card
1621,2021-07-26,North,Retail,Electrical system,3,27.53,82.59,Credit card
1622,2021-07-26,Central,Retail,Suspension & traction,10,33.8,337.98,Credit card
1623,2021-07-26,Central,Retail,Frame & body,1,48.08,48.08,Cash
1624,2021-07-26,Central,Wholesale,Engine,32,57.1,1827.04,Transfer
1625,2021-07-26,Central,Retail,Miscellaneous,1,21.44,21.44,Cash
1626,2021-07-26,Central,Retail,Electrical system,4,27.1,108.38,Credit card
1627,2021-07-27,Central,Retail,Frame & body,1,42.41,42.41,Credit card
1628,2021-07-27,Central,Retail,Engine,6,66.62,399.71,Credit card
1629,2021-07-27,North,Retail,Electrical system,2,24.44,48.87,Cash
1630,2021-07-27,Central,Wholesale,Suspension & traction,24,40.12,962.8,Transfer
1631,2021-07-27,Central,Retail,Breaking system,2,24.98,49.96,Credit card
1632,2021-07-27,West,Retail,Breaking system,9,12.16,109.4,Credit card
1633,2021-07-27,North,Retail,Breaking system,1,17.58,17.58,Credit card
1634,2021-07-27,Central,Retail,Frame & body,4,49.26,197.03,Credit card
1635,2021-07-27,Central,Wholesale,Miscellaneous,24,17.77,426.4,Transfer
1636,2021-07-28,Central,Retail,Frame & body,5,44.54,222.72,Credit card
1637,2021-07-28,North,Wholesale,Breaking system,8,11.91,95.31,Transfer
1638,2021-07-28,Central,Retail,Engine,10,52.25,522.5,Credit card
1639,2021-07-28,West,Retail,Suspension & traction,1,41.62,41.62,Credit card
1640,2021-07-28,North,Retail,Breaking system,9,21.32,191.9,Credit card
1641,2021-07-28,West,Retail,Miscellaneous,8,29.08,232.63,Cash
1642,2021-07-28,Central,Retail,Electrical system,6,29.5,176.99,Credit card
1643,2021-07-28,Central,Retail,Breaking system,10,11.63,116.28,Credit card
1644,2021-07-28,Central,Retail,Breaking system,3,17.07,51.21,Credit card
1645,2021-07-28,North,Retail,Miscellaneous,10,25.74,257.4,Credit card
1646,2021-07-28,North,Wholesale,Suspension & traction,28,40.43,1132.13,Transfer
1647,2021-07-28,Central,Wholesale,Electrical system,36,26.12,940.14,Transfer
1648,2021-07-28,North,Retail,Breaking system,10,11.48,114.75,Credit card
1649,2021-07-28,West,Retail,Engine,7,64.31,450.18,Credit card
1650,2021-07-29,Central,Retail,Breaking system,10,15.18,151.82,Credit card
1651,2021-07-29,Central,Retail,Suspension & traction,8,39.33,314.64,Credit card
1652,2021-07-29,North,Wholesale,Miscellaneous,24,26.77,642.48,Transfer
1653,2021-07-29,North,Retail,Electrical system,3,26,78,Credit card
1654,2021-07-29,West,Wholesale,Breaking system,8,23.87,190.93,Transfer
1655,2021-07-29,Central,Retail,Electrical system,1,26.72,26.72,Cash
1656,2021-07-30,North,Retail,Suspension & traction,2,30.79,61.58,Credit card
1657,2021-07-30,Central,Retail,Electrical system,3,19.14,57.41,Credit card
1658,2021-07-30,North,Retail,Electrical system,10,24.25,242.47,Credit card
1659,2021-07-30,Central,Retail,Electrical system,2,28.25,56.5,Credit card
1660,2021-07-30,Central,Retail,Suspension & traction,3,29.58,88.75,Credit card
1661,2021-07-30,Central,Wholesale,Breaking system,28,21.88,612.78,Transfer
1662,2021-07-30,Central,Retail,Miscellaneous,1,22.29,22.29,Cash
1663,2021-07-30,North,Retail,Breaking system,4,12.05,48.21,Credit card
1664,2021-07-30,Central,Retail,Breaking system,9,21.42,192.82,Credit card
1665,2021-07-30,West,Wholesale,Miscellaneous,16,25.82,413.04,Transfer
1666,2021-07-31,Central,Retail,Suspension & traction,5,27.2,136.02,Cash
1667,2021-07-31,North,Retail,Frame & body,2,39.91,79.82,Credit card
1668,2021-07-31,West,Retail,Frame & body,7,45.66,319.64,Credit card
1669,2021-07-31,Central,Retail,Suspension & traction,10,41.23,412.3,Credit card
1670,2021-07-31,Central,Wholesale,Suspension & traction,36,29.5,1062,Transfer
1671,2021-07-31,West,Retail,Frame & body,2,35.73,71.46,Credit card
1672,2021-07-31,Central,Retail,Suspension & traction,9,39.73,357.58,Credit card
1673,2021-07-31,Central,Retail,Engine,3,62.23,186.7,Credit card
1674,2021-07-31,Central,Retail,Frame & body,10,42.42,424.25,Cash
1675,2021-07-31,North,Retail,Miscellaneous,4,24.42,97.68,Credit card
1676,2021-07-31,Central,Retail,Frame & body,2,37.55,75.1,Credit card
1677,2021-07-31,Central,Retail,Suspension & traction,9,41.62,374.6,Credit card
1678,2021-07-31,Central,Retail,Suspension & traction,2,31.38,62.76,Credit card
1679,2021-07-31,North,Wholesale,Frame & body,12,48.1,577.26,Transfer
1680,2021-07-31,West,Retail,Breaking system,3,12.84,38.51,Credit card
1681,2021-07-31,Central,Wholesale,Electrical system,12,21.04,252.52,Transfer
1682,2021-07-31,Central,Wholesale,Breaking system,20,23.75,474.97,Transfer
1683,2021-07-31,Central,Retail,Electrical system,7,30.93,216.53,Credit card
1684,2021-08-01,West,Wholesale,Electrical system,32,21.7,694.4,Transfer
1685,2021-08-01,West,Retail,Electrical system,5,25.32,126.6,Credit card
1686,2021-08-01,North,Retail,Electrical system,7,21.49,150.44,Credit card
1687,2021-08-01,North,Retail,Breaking system,1,16.07,16.07,Credit card
1688,2021-08-01,West,Retail,Suspension & traction,8,28.48,227.8,Credit card
1689,2021-08-01,Central,Wholesale,Electrical system,40,30.33,1213.13,Transfer
1690,2021-08-01,North,Retail,Engine,1,54.17,54.17,Credit card
1691,2021-08-01,Central,Retail,Suspension & traction,8,30.02,240.16,Cash
1692,2021-08-01,Central,Wholesale,Breaking system,40,20.51,820.33,Transfer
1693,2021-08-01,West,Retail,Suspension & traction,8,32.34,258.68,Cash
1694,2021-08-01,North,Retail,Suspension & traction,7,32.72,229.05,Credit card
1695,2021-08-01,Central,Retail,Suspension & traction,8,40.75,325.99,Credit card
1696,2021-08-01,North,Retail,Breaking system,8,12.03,96.23,Credit card
1697,2021-08-01,West,Retail,Electrical system,6,24.42,146.53,Cash
1698,2021-08-02,North,Retail,Suspension & traction,9,30.55,274.95,Cash
1699,2021-08-02,Central,Retail,Miscellaneous,8,29.78,238.27,Credit card
1700,2021-08-02,North,Retail,Miscellaneous,4,25.78,103.11,Credit card
1701,2021-08-02,North,Wholesale,Breaking system,36,16.49,593.76,Transfer
1702,2021-08-02,North,Retail,Engine,3,61.45,184.36,Credit card
1703,2021-08-02,North,Retail,Frame & body,7,35.39,247.73,Credit card
1704,2021-08-02,Central,Retail,Suspension & traction,9,28.21,253.86,Credit card
1705,2021-08-02,North,Wholesale,Engine,40,58.1,2324.2,Transfer
1706,2021-08-02,North,Retail,Electrical system,5,19.1,95.52,Credit card
1707,2021-08-02,North,Retail,Suspension & traction,4,34.42,137.69,Credit card
1708,2021-08-02,North,Wholesale,Electrical system,24,33.3,799.32,Transfer
1709,2021-08-02,Central,Retail,Suspension & traction,1,30.04,30.04,Credit card
1710,2021-08-03,Central,Wholesale,Miscellaneous,40,26.38,1055.4,Transfer
1711,2021-08-03,North,Retail,Suspension & traction,3,38.05,114.16,Cash
1712,2021-08-03,Central,Retail,Electrical system,8,20.89,167.09,Credit card
1713,2021-08-03,West,Wholesale,Suspension & traction,40,27.02,1080.8,Transfer
1714,2021-08-03,Central,Retail,Suspension & traction,8,40.91,327.28,Credit card
1715,2021-08-03,Central,Wholesale,Miscellaneous,12,21.42,257.04,Transfer
1716,2021-08-03,West,Retail,Frame & body,7,47.18,330.24,Credit card
1717,2021-08-03,Central,Wholesale,Miscellaneous,12,16.35,196.16,Transfer
1718,2021-08-03,Central,Retail,Breaking system,5,15.7,78.52,Credit card
1719,2021-08-03,Central,Wholesale,Engine,28,59.33,1661.19,Transfer
1720,2021-08-03,North,Retail,Breaking system,2,21.98,43.97,Credit card
1721,2021-08-03,Central,Retail,Breaking system,5,11.99,59.95,Credit card
1722,2021-08-03,Central,Retail,Electrical system,3,31.33,93.99,Credit card
1723,2021-08-03,Central,Retail,Suspension & traction,6,38.78,232.7,Credit card
1724,2021-08-03,Central,Wholesale,Engine,28,60.88,1704.78,Transfer
1725,2021-08-03,Central,Retail,Frame & body,10,44.96,449.57,Credit card
1726,2021-08-03,Central,Wholesale,Electrical system,24,23.51,564.24,Transfer
1727,2021-08-04,Central,Retail,Frame & body,5,44.57,222.86,Credit card
1728,2021-08-04,Central,Retail,Miscellaneous,7,23.68,165.76,Credit card
1729,2021-08-04,Central,Retail,Suspension & traction,5,29.73,148.65,Credit card
1730,2021-08-04,Central,Wholesale,Frame & body,36,39.55,1423.92,Transfer
1731,2021-08-04,Central,Wholesale,Breaking system,8,16.65,133.23,Transfer
1732,2021-08-04,North,Wholesale,Electrical system,36,20.25,729,Transfer
1733,2021-08-04,West,Retail,Suspension & traction,1,31.17,31.17,Credit card
1734,2021-08-04,North,Retail,Frame & body,6,48.69,292.13,Credit card
1735,2021-08-04,Central,Retail,Suspension & traction,8,36.98,295.81,Credit card
1736,2021-08-04,North,Wholesale,Frame & body,40,35.97,1438.73,Transfer
1737,2021-08-04,North,Retail,Electrical system,1,29.96,29.96,Cash
1738,2021-08-05,North,Wholesale,Suspension & traction,16,29.72,475.49,Transfer
1739,2021-08-05,Central,Retail,Suspension & traction,2,27.69,55.39,Cash
1740,2021-08-05,Central,Retail,Suspension & traction,4,39.01,156.05,Credit card
1741,2021-08-05,Central,Retail,Suspension & traction,5,33.38,166.9,Credit card
1742,2021-08-05,Central,Retail,Suspension & traction,6,28.7,172.21,Credit card
1743,2021-08-05,Central,Retail,Breaking system,2,24.97,49.93,Credit card
1744,2021-08-05,North,Retail,Electrical system,9,19.26,173.32,Credit card
1745,2021-08-05,North,Retail,Suspension & traction,1,41.32,41.32,Credit card
1746,2021-08-05,Central,Retail,Breaking system,4,11.08,44.3,Credit card
1747,2021-08-06,Central,Retail,Electrical system,6,30.22,181.3,Credit card
1748,2021-08-06,North,Retail,Electrical system,1,32.86,32.86,Cash
1749,2021-08-06,North,Retail,Suspension & traction,6,30.67,183.99,Credit card
1750,2021-08-06,Central,Retail,Breaking system,2,15.55,31.09,Credit card
1751,2021-08-06,Central,Retail,Miscellaneous,5,16.27,81.36,Credit card
1752,2021-08-06,West,Retail,Electrical system,6,24.38,146.26,Credit card
1753,2021-08-06,Central,Retail,Miscellaneous,4,16.17,64.69,Credit card
1754,2021-08-06,Central,Retail,Breaking system,10,14.59,145.92,Credit card
1755,2021-08-06,West,Retail,Electrical system,5,19.21,96.07,Credit card
1756,2021-08-06,North,Wholesale,Suspension & traction,40,40.11,1604.33,Transfer
1757,2021-08-06,North,Retail,Breaking system,5,18.63,93.14,Credit card
1758,2021-08-07,Central,Retail,Frame & body,9,49.99,449.94,Credit card
1759,2021-08-07,West,Wholesale,Breaking system,36,24.83,893.82,Transfer
1760,2021-08-07,Central,Retail,Electrical system,4,32.33,129.31,Credit card
1761,2021-08-07,North,Retail,Engine,4,58.62,234.47,Credit card
1762,2021-08-07,Central,Wholesale,Breaking system,32,17.74,567.84,Transfer
1763,2021-08-07,West,Retail,Suspension & traction,6,37.65,225.91,Credit card
1764,2021-08-07,North,Retail,Breaking system,8,24.55,196.39,Credit card
1765,2021-08-07,Central,Retail,Breaking system,7,24.26,169.8,Credit card
1766,2021-08-07,Central,Wholesale,Suspension & traction,28,33.7,943.51,Transfer
1767,2021-08-07,Central,Retail,Suspension & traction,4,29.25,117.01,Credit card
1768,2021-08-07,North,Wholesale,Miscellaneous,20,29.96,599.27,Transfer
1769,2021-08-07,West,Wholesale,Frame & body,20,41.48,829.7,Transfer
1770,2021-08-07,North,Retail,Frame & body,2,43.48,86.96,Credit card
1771,2021-08-07,North,Retail,Frame & body,10,42.04,420.43,Credit card
1772,2021-08-07,North,Retail,Electrical system,10,25.32,253.23,Cash
1773,2021-08-07,Central,Retail,Breaking system,1,11.05,11.05,Credit card
1774,2021-08-08,North,Retail,Suspension & traction,7,40.62,284.3,Credit card
1775,2021-08-08,Central,Wholesale,Engine,40,63.66,2546.33,Transfer
1776,2021-08-08,Central,Retail,Breaking system,3,17.89,53.67,Credit card
1777,2021-08-08,Central,Retail,Miscellaneous,7,16.37,114.59,Credit card
1778,2021-08-08,North,Retail,Frame & body,3,37.64,112.92,Credit card
1779,2021-08-08,North,Wholesale,Miscellaneous,28,15.02,420.61,Transfer
1780,2021-08-08,West,Retail,Breaking system,3,15.96,47.87,Credit card
1781,2021-08-08,Central,Wholesale,Suspension & traction,36,30.96,1114.74,Transfer
1782,2021-08-08,North,Retail,Electrical system,2,26.34,52.68,Credit card
1783,2021-08-08,North,Retail,Frame & body,5,43.77,218.85,Credit card
1784,2021-08-08,North,Retail,Breaking system,2,22.95,45.89,Credit card
1785,2021-08-08,Central,Retail,Suspension & traction,1,29.24,29.24,Credit card
1786,2021-08-09,Central,Retail,Miscellaneous,6,21.13,126.77,Cash
1787,2021-08-09,North,Retail,Suspension & traction,8,35.57,284.56,Credit card
1788,2021-08-09,Central,Retail,Frame & body,7,39.09,273.65,Credit card
1789,2021-08-09,North,Retail,Suspension & traction,5,29.72,148.6,Credit card
1790,2021-08-09,Central,Retail,Electrical system,5,22.42,112.08,Credit card
1791,2021-08-09,North,Wholesale,Electrical system,28,28.16,788.34,Transfer
1792,2021-08-09,Central,Retail,Suspension & traction,2,31.72,63.43,Credit card
1793,2021-08-09,North,Retail,Electrical system,2,26.63,53.26,Credit card
1794,2021-08-09,North,Retail,Breaking system,4,24.11,96.45,Credit card
1795,2021-08-09,Central,Wholesale,Frame & body,28,38.27,1071.51,Transfer
1796,2021-08-09,West,Retail,Electrical system,7,21.61,151.28,Credit card
1797,2021-08-10,Central,Retail,Suspension & traction,7,31.79,222.52,Credit card
1798,2021-08-10,North,Wholesale,Frame & body,28,49.73,1392.53,Transfer
1799,2021-08-10,North,Retail,Electrical system,4,24.61,98.45,Credit card
1800,2021-08-10,Central,Wholesale,Engine,36,60.73,2186.16,Transfer
1801,2021-08-10,West,Wholesale,Breaking system,16,24.04,384.69,Transfer
1802,2021-08-10,West,Retail,Miscellaneous,7,22.51,157.55,Credit card
1803,2021-08-10,Central,Wholesale,Electrical system,12,18.43,221.18,Transfer
1804,2021-08-10,Central,Wholesale,Engine,4,56.5,226.01,Transfer
1805,2021-08-10,Central,Retail,Electrical system,4,23.58,94.33,Credit card
1806,2021-08-10,Central,Retail,Suspension & traction,4,32.7,130.81,Credit card
1807,2021-08-10,West,Retail,Electrical system,6,21.77,130.61,Credit card
1808,2021-08-10,Central,Retail,Frame & body,4,49.62,198.49,Credit card
1809,2021-08-11,Central,Wholesale,Breaking system,16,14.72,235.47,Transfer
1810,2021-08-11,Central,Retail,Frame & body,2,45.48,90.96,Credit card
1811,2021-08-11,North,Retail,Breaking system,5,17.38,86.89,Credit card
1812,2021-08-11,North,Retail,Miscellaneous,7,20.96,146.76,Credit card
1813,2021-08-11,Central,Retail,Suspension & traction,8,35.65,285.21,Cash
1814,2021-08-11,North,Retail,Electrical system,10,19.31,193.12,Credit card
1815,2021-08-11,West,Retail,Breaking system,8,10.36,82.92,Credit card
1816,2021-08-11,Central,Retail,Breaking system,2,14.12,28.23,Credit card
1817,2021-08-11,Central,Retail,Engine,10,53.02,530.18,Credit card
1818,2021-08-11,West,Retail,Breaking system,1,17.75,17.75,Credit card
1819,2021-08-12,North,Wholesale,Breaking system,8,12.25,97.97,Transfer
1820,2021-08-12,Central,Retail,Frame & body,1,40.48,40.48,Cash
1821,2021-08-12,Central,Retail,Suspension & traction,4,30.91,123.65,Credit card
1822,2021-08-12,North,Wholesale,Frame & body,36,49.58,1784.88,Transfer
1823,2021-08-12,Central,Wholesale,Breaking system,28,17.45,488.74,Transfer
1824,2021-08-12,North,Retail,Electrical system,7,33.26,232.81,Credit card
1825,2021-08-12,Central,Retail,Suspension & traction,6,36.68,220.11,Credit card
1826,2021-08-12,Central,Wholesale,Frame & body,24,39.2,940.88,Transfer
1827,2021-08-12,West,Retail,Suspension & traction,7,29.64,207.49,Credit card
1828,2021-08-12,Central,Retail,Electrical system,9,25.22,226.98,Credit card
1829,2021-08-12,Central,Retail,Breaking system,10,18.27,182.68,Credit card
1830,2021-08-12,Central,Retail,Miscellaneous,8,22.2,177.61,Credit card
1831,2021-08-12,Central,Retail,Breaking system,4,12.05,48.21,Credit card
1832,2021-08-12,Central,Retail,Suspension & traction,9,28.6,257.37,Credit card
1833,2021-08-12,North,Retail,Electrical system,3,19.28,57.84,Credit card
1834,2021-08-12,West,Retail,Electrical system,5,31.32,156.59,Credit card
1835,2021-08-12,Central,Retail,Engine,10,63.76,637.63,Credit card
1836,2021-08-12,West,Retail,Breaking system,10,21.26,212.6,Credit card
1837,2021-08-13,Central,Wholesale,Frame & body,32,48.42,1549.49,Transfer
1838,2021-08-13,Central,Retail,Electrical system,4,26.25,104.99,Credit card
1839,2021-08-13,Central,Retail,Electrical system,1,32.13,32.13,Cash
1840,2021-08-13,North,Retail,Electrical system,9,20.82,187.34,Cash
1841,2021-08-13,North,Retail,Engine,2,66.1,132.19,Credit card
1842,2021-08-13,North,Wholesale,Breaking system,40,11.61,464.4,Transfer
1843,2021-08-13,Central,Retail,Suspension & traction,8,35.88,287.01,Credit card
1844,2021-08-13,Central,Wholesale,Frame & body,12,49.47,593.6,Transfer
1845,2021-08-13,Central,Retail,Breaking system,2,12.86,25.73,Credit card
1846,2021-08-13,Central,Retail,Suspension & traction,9,27.26,245.38,Credit card
1847,2021-08-13,Central,Retail,Engine,8,51.79,414.33,Credit card
1848,2021-08-13,Central,Retail,Suspension & traction,2,30.53,61.07,Credit card
1849,2021-08-14,Central,Retail,Frame & body,10,39.06,390.62,Credit card
1850,2021-08-14,Central,Retail,Miscellaneous,9,27.97,251.7,Credit card
1851,2021-08-14,West,Retail,Breaking system,4,24.54,98.17,Credit card
1852,2021-08-14,North,Retail,Frame & body,8,45.42,363.33,Credit card
1853,2021-08-14,North,Retail,Miscellaneous,5,23.94,119.68,Cash
1854,2021-08-14,Central,Retail,Frame & body,1,45.83,45.83,Credit card
1855,2021-08-14,Central,Retail,Suspension & traction,4,40.94,163.76,Credit card
1856,2021-08-14,North,Retail,Suspension & traction,4,28.96,115.83,Credit card
1857,2021-08-14,West,Wholesale,Electrical system,8,19.23,153.83,Transfer
1858,2021-08-15,West,Retail,Miscellaneous,1,17.1,17.1,Credit card
1859,2021-08-15,Central,Retail,Frame & body,6,42.42,254.51,Credit card
1860,2021-08-15,North,Retail,Suspension & traction,4,37.91,151.65,Credit card
1861,2021-08-15,Central,Wholesale,Breaking system,40,14.2,567.93,Transfer
1862,2021-08-15,North,Wholesale,Frame & body,40,46.15,1846.13,Transfer
1863,2021-08-15,Central,Retail,Suspension & traction,9,26.88,241.92,Credit card
1864,2021-08-16,West,Retail,Suspension & traction,10,29.76,297.55,Credit card
1865,2021-08-16,West,Wholesale,Breaking system,4,23.66,94.65,Transfer
1866,2021-08-16,Central,Retail,Suspension & traction,3,32.35,97.06,Credit card
1867,2021-08-16,Central,Wholesale,Breaking system,4,16.91,67.65,Transfer
1868,2021-08-16,North,Retail,Frame & body,5,38.88,194.38,Credit card
1869,2021-08-16,Central,Retail,Suspension & traction,3,41.62,124.85,Credit card
1870,2021-08-16,North,Retail,Electrical system,4,25.2,100.79,Credit card
1871,2021-08-17,North,Wholesale,Miscellaneous,8,27.22,217.79,Transfer
1872,2021-08-17,North,Retail,Breaking system,9,21.07,189.6,Credit card
1873,2021-08-17,Central,Retail,Breaking system,8,12.57,100.56,Credit card
1874,2021-08-17,Central,Wholesale,Suspension & traction,32,39.76,1272.27,Transfer
1875,2021-08-17,North,Retail,Breaking system,1,10.92,10.92,Credit card
1876,2021-08-17,Central,Retail,Electrical system,1,24.37,24.37,Credit card
1877,2021-08-17,West,Retail,Breaking system,10,22.1,221.05,Credit card
1878,2021-08-17,West,Retail,Frame & body,9,49.87,448.86,Credit card
1879,2021-08-17,North,Retail,Suspension & traction,4,28.88,115.53,Credit card
1880,2021-08-17,North,Retail,Electrical system,9,29.18,262.59,Credit card
1881,2021-08-17,Central,Wholesale,Suspension & traction,16,31.47,503.49,Transfer
1882,2021-08-17,West,Retail,Electrical system,4,27.69,110.76,Credit card
1883,2021-08-17,Central,Retail,Electrical system,7,21.72,152.07,Credit card
1884,2021-08-17,West,Retail,Suspension & traction,4,37.59,150.35,Credit card
1885,2021-08-17,Central,Retail,Electrical system,2,21.1,42.2,Cash
1886,2021-08-17,North,Retail,Suspension & traction,5,30.45,152.26,Credit card
1887,2021-08-18,West,Retail,Suspension & traction,6,38.86,233.17,Credit card
1888,2021-08-18,Central,Retail,Frame & body,8,45.99,367.89,Credit card
1889,2021-08-18,Central,Retail,Breaking system,2,24.88,49.75,Credit card
1890,2021-08-18,North,Retail,Frame & body,9,39.79,358.08,Credit card
1891,2021-08-18,West,Retail,Frame & body,5,37.54,187.71,Credit card
1892,2021-08-18,North,Wholesale,Electrical system,24,29.08,698.04,Transfer
1893,2021-08-18,Central,Retail,Breaking system,3,11.81,35.44,Credit card
1894,2021-08-18,North,Wholesale,Breaking system,4,23.6,94.41,Transfer
1895,2021-08-18,West,Wholesale,Breaking system,40,20.16,806.6,Transfer
1896,2021-08-18,Central,Retail,Suspension & traction,5,40.39,201.97,Credit card
1897,2021-08-18,Central,Retail,Miscellaneous,3,26.65,79.96,Credit card
1898,2021-08-18,North,Retail,Miscellaneous,2,20.54,41.08,Credit card
1899,2021-08-18,Central,Retail,Breaking system,1,13.94,13.94,Credit card
1900,2021-08-18,North,Retail,Suspension & traction,9,40.66,365.94,Cash
1901,2021-08-18,North,Retail,Frame & body,10,40.67,406.7,Cash
1902,2021-08-19,North,Wholesale,Suspension & traction,36,30.64,1103.04,Transfer
1903,2021-08-19,West,Retail,Breaking system,6,17.88,107.29,Credit card
1904,2021-08-19,North,Retail,Suspension & traction,8,40,320.03,Credit card
1905,2021-08-19,North,Retail,Suspension & traction,3,29.41,88.24,Credit card
1906,2021-08-19,North,Retail,Electrical system,5,21.41,107.04,Credit card
1907,2021-08-19,Central,Wholesale,Frame & body,16,41.58,665.31,Transfer
1908,2021-08-20,Central,Retail,Breaking system,4,11.31,45.25,Cash
1909,2021-08-20,North,Retail,Frame & body,6,43.69,262.13,Credit card
1910,2021-08-20,Central,Wholesale,Frame & body,32,48.07,1538.29,Transfer
1911,2021-08-20,North,Retail,Breaking system,5,17.76,88.8,Credit card
1912,2021-08-20,North,Retail,Suspension & traction,8,33.76,270.12,Cash
1913,2021-08-20,North,Retail,Suspension & traction,1,28.05,28.05,Credit card
1914,2021-08-20,North,Retail,Electrical system,1,32.52,32.52,Credit card
1915,2021-08-20,Central,Retail,Frame & body,6,39.5,237.02,Credit card
1916,2021-08-20,North,Retail,Suspension & traction,8,33.49,267.91,Credit card
1917,2021-08-20,North,Retail,Frame & body,5,47.65,238.26,Credit card
1918,2021-08-21,North,Retail,Breaking system,3,17.12,51.38,Credit card
1919,2021-08-21,West,Retail,Suspension & traction,7,38.53,269.73,Credit card
1920,2021-08-21,Central,Retail,Breaking system,4,23.59,94.36,Credit card
1921,2021-08-21,North,Retail,Suspension & traction,1,29.22,29.22,Cash
1922,2021-08-21,North,Retail,Electrical system,10,28.91,289.12,Credit card
1923,2021-08-21,West,Retail,Breaking system,7,19.57,136.96,Cash
1924,2021-08-21,North,Retail,Breaking system,4,14.52,58.1,Credit card
1925,2021-08-21,North,Retail,Miscellaneous,6,25.65,153.88,Credit card
1926,2021-08-21,Central,Retail,Engine,8,59.15,473.23,Cash
1927,2021-08-21,North,Wholesale,Frame & body,40,35.92,1436.67,Transfer
1928,2021-08-21,West,Retail,Suspension & traction,7,34.27,239.88,Credit card
1929,2021-08-22,Central,Wholesale,Frame & body,20,35.78,715.67,Transfer
1930,2021-08-22,North,Retail,Suspension & traction,4,35.99,143.96,Credit card
1931,2021-08-22,Central,Retail,Breaking system,6,18.12,108.75,Credit card
1932,2021-08-22,Central,Retail,Electrical system,10,27.49,274.92,Credit card
1933,2021-08-22,Central,Retail,Frame & body,5,37.46,187.31,Credit card
1934,2021-08-22,Central,Retail,Breaking system,9,14,125.97,Cash
1935,2021-08-22,Central,Retail,Suspension & traction,6,41.65,249.92,Cash
1936,2021-08-22,North,Retail,Suspension & traction,2,36.72,73.44,Credit card
1937,2021-08-22,Central,Wholesale,Suspension & traction,16,38.06,609.01,Transfer
1938,2021-08-22,Central,Retail,Electrical system,5,30.48,152.4,Credit card
1939,2021-08-22,West,Retail,Suspension & traction,1,37.48,37.48,Credit card
1940,2021-08-23,West,Retail,Electrical system,7,30.9,216.29,Credit card
1941,2021-08-23,Central,Retail,Frame & body,2,48.88,97.77,Credit card
1942,2021-08-23,North,Retail,Electrical system,7,19.89,139.21,Credit card
1943,2021-08-23,Central,Retail,Breaking system,5,21.09,105.43,Credit card
1944,2021-08-23,North,Retail,Electrical system,3,19.3,57.9,Credit card
1945,2021-08-23,North,Wholesale,Electrical system,16,22.73,363.63,Transfer
1946,2021-08-23,Central,Retail,Electrical system,4,25.48,101.93,Credit card
1947,2021-08-23,North,Retail,Breaking system,4,17.57,70.26,Cash
1948,2021-08-23,West,Retail,Miscellaneous,6,19.9,119.43,Credit card
1949,2021-08-24,West,Retail,Suspension & traction,2,39.04,78.08,Cash
1950,2021-08-24,Central,Wholesale,Frame & body,4,39.85,159.41,Transfer
1951,2021-08-24,Central,Retail,Electrical system,2,23.95,47.9,Cash
1952,2021-08-24,North,Wholesale,Electrical system,20,21.29,425.77,Transfer
1953,2021-08-24,Central,Wholesale,Suspension & traction,36,27.05,973.74,Transfer
1954,2021-08-24,North,Wholesale,Electrical system,20,18.45,368.97,Transfer
1955,2021-08-24,West,Retail,Miscellaneous,9,16.05,144.46,Credit card
1956,2021-08-24,North,Wholesale,Breaking system,12,15.21,182.56,Transfer
1957,2021-08-24,West,Retail,Breaking system,1,16.45,16.45,Credit card
1958,2021-08-24,North,Wholesale,Suspension & traction,28,37.03,1036.93,Transfer
1959,2021-08-24,North,Retail,Electrical system,4,27.38,109.51,Credit card
1960,2021-08-24,North,Retail,Breaking system,1,17.06,17.06,Credit card
1961,2021-08-24,Central,Retail,Electrical system,3,24.28,72.86,Cash
1962,2021-08-25,North,Retail,Breaking system,3,17.06,51.17,Credit card
1963,2021-08-25,Central,Retail,Frame & body,6,48.9,293.39,Credit card
1964,2021-08-25,Central,Retail,Miscellaneous,3,18.72,56.16,Credit card
1965,2021-08-25,Central,Wholesale,Electrical system,8,25.95,207.56,Transfer
1966,2021-08-25,North,Wholesale,Suspension & traction,8,32.39,259.12,Transfer
1967,2021-08-25,North,Wholesale,Miscellaneous,28,21.56,603.77,Transfer
1968,2021-08-25,North,Retail,Breaking system,2,21.59,43.18,Credit card
1969,2021-08-25,Central,Wholesale,Breaking system,12,13.19,158.3,Transfer
1970,2021-08-25,West,Retail,Breaking system,9,24.97,224.73,Credit card
1971,2021-08-25,North,Retail,Engine,8,55.41,443.28,Cash
1972,2021-08-26,North,Retail,Miscellaneous,6,23.04,138.26,Cash
1973,2021-08-26,North,Retail,Breaking system,7,20.24,141.7,Cash
1974,2021-08-26,North,Retail,Suspension & traction,7,29.34,205.36,Credit card
1975,2021-08-26,Central,Retail,Breaking system,3,13.4,40.18,Credit card
1976,2021-08-26,North,Retail,Miscellaneous,3,25.28,75.84,Cash
1977,2021-08-26,North,Wholesale,Breaking system,20,16.89,337.8,Transfer
1978,2021-08-26,Central,Retail,Electrical system,3,24.61,73.82,Credit card
1979,2021-08-26,North,Retail,Electrical system,7,18.35,128.43,Credit card
1980,2021-08-26,Central,Retail,Miscellaneous,3,19.77,59.3,Credit card
1981,2021-08-26,West,Retail,Breaking system,4,16.63,66.53,Cash
1982,2021-08-27,Central,Wholesale,Engine,20,60.22,1204.3,Transfer
1983,2021-08-27,Central,Retail,Electrical system,7,28.63,200.4,Cash
1984,2021-08-27,North,Wholesale,Suspension & traction,12,37.07,444.84,Transfer
1985,2021-08-27,Central,Retail,Electrical system,10,30.39,303.9,Cash
1986,2021-08-27,North,Retail,Electrical system,10,28.56,285.63,Credit card
1987,2021-08-27,West,Retail,Electrical system,4,21.47,85.89,Credit card
1988,2021-08-27,Central,Retail,Engine,5,59.14,295.72,Credit card
1989,2021-08-27,Central,Retail,Engine,10,64.64,646.45,Credit card
1990,2021-08-28,North,Retail,Frame & body,7,40.04,280.27,Credit card
1991,2021-08-28,West,Wholesale,Miscellaneous,32,25.42,813.44,Transfer
1992,2021-08-28,Central,Wholesale,Miscellaneous,8,28.9,231.2,Transfer
1993,2021-08-28,Central,Wholesale,Electrical system,32,28.76,920.37,Transfer
1994,2021-08-28,West,Retail,Electrical system,6,28.37,170.21,Credit card
1995,2021-08-28,North,Retail,Suspension & traction,6,30.74,184.42,Credit card
1996,2021-08-28,Central,Retail,Electrical system,9,32.87,295.83,Credit card
1997,2021-08-28,West,Wholesale,Breaking system,32,10.03,320.96,Transfer
1998,2021-08-28,West,Wholesale,Electrical system,12,32.8,393.64,Transfer
1999,2021-08-28,North,Retail,Frame & body,5,48.25,241.23,Cash
2000,2021-08-28,North,Wholesale,Electrical system,20,27.41,548.13,Transfer
